iteration,q_rank,r_rank,gamma_rank,n_rank,q_true,q_hat
0,0.5019334794696673,0.5019377563716023,0.4831536832043922,0.2643428759485923,42.04001903728689,42.391955035793416
1,0.44140707456363726,0.2455943342118725,0.5094898784781766,0.20595332653802156,405.56777942532847,414.2364343428273
2,0.07332182877710851,0.0020860268147002707,0.9494134589822166,0.08680850960358757,440.37759626306575,464.24666294915795
3,0.6784321006200499,0.8902886457391926,0.6116596112540265,0.9590586088764258,471.67492248322947,469.68958189024636
4,0.055364738295489435,0.3027380988010779,0.0637866795570203,0.6831537499441346,470.0511193382699,637.1410690767754
5,0.3138461009918001,0.08183845877170717,0.03189919887987268,0.24780614554564584,138.3322860291452,155.45564643302237
6,0.43182840813034185,0.43334754161110756,0.7697552335939314,0.4935743741013193,912.6703048109941,934.3195490908633
7,0.7201506681768843,0.949470708440356,0.9456494236904566,0.6783269909064192,553.9336020824989,513.1334771466423
8,0.6924623614614781,0.5376914017895782,0.26964458039518974,0.3640442849191808,268.9297925388541,245.2584895545791
9,0.4130346650465612,0.6885409606622709,0.9533412857491881,0.5945034585447873,18.91235962762073,19.197298543060597
10,0.9989600725781641,0.4201054208841247,0.3276939297713191,0.7768202107053569,100.77876071841568,100.30809765023463
11,0.8141822093185321,0.9602033676495819,0.6790079958212933,0.7016736775066761,175.98073759337345,154.1913859009575
12,0.784057953727407,0.6325267158012942,0.6406522598749105,0.40748690383657704,159.95550705188143,157.67596068912974
13,0.9998219381038552,0.8711315842138654,0.9164101737845628,0.23747789840979514,37.75667093224563,29.321965458461396
14,0.47007267307461503,0.904557379224318,0.17483060911649517,0.6690274457839196,186.89814351027175,198.16312939572248
15,0.44624922552932117,0.4145558291953812,0.5865880147585274,0.4834400782743673,386.4575109736077,409.9310265010863
16,0.7552412686676965,0.3168788734759269,0.8929155431108049,0.033842639417468436,71.66807617990827,71.61403722682483
17,0.8676652645110107,0.5955654941919791,0.7154186360203082,0.26780066557266724,11.165483643283768,9.548810280134976
18,0.47775300604519993,0.2536164640014389,0.4480971416154767,0.2905878239206924,229.48578356224397,229.72352066988864
19,0.2700591932826095,0.8388620262162502,0.05546989483041584,0.7482570030788559,120.44802069842022,135.33091779284584
20,0.9866119828124145,0.9505882256268318,0.7063641679128483,0.7408525063453556,260.1018602747347,212.36120414170455
21,0.2818787695768585,0.5478683187088305,0.4262514235610694,0.5960795485228201,56.429382234419315,63.412038827991765
22,0.9892776972360743,0.9873825703951118,0.4297179743900565,0.11445971643996859,19.005581349738463,18.926783543562085
23,0.6006067542597434,0.9844364045905581,0.9802595942459648,0.5932654834892309,40.918325506906314,40.88225940286235
24,0.6649747496392032,0.9722584766232998,0.4989373791264329,0.9202021816330163,11.467800779584469,11.19987206992276
25,0.9196185976657049,0.5485955648845188,0.21003043646012695,0.48265175738580185,353.8444346972757,345.94091979168496
26,0.731849866322816,0.703548648254077,0.42600653494485935,0.526194292208474,138.95980855567018,126.24334200211456
27,0.999972349574832,0.4999708693862927,0.5423604810377505,0.15182737788490516,271.8530275019222,270.9391726744639
28,0.06777872615507996,0.6464134382488402,0.20187369094981022,0.8258136712037604,84.1831992102088,112.37935923047728
29,0.9871230155359177,0.7934369654122543,0.9176796046933707,0.3807401076433208,107.60866755095644,82.04953457388416
30,0.9240242279073416,0.18938359347577022,0.3231151177586646,0.011959628899764431,38.43139151791417,37.511968472695564
31,0.9077946690325596,0.4346956506707936,0.6256755478399458,0.12724622370795083,15.402680236988381,13.63046050012584
32,0.12840478951938328,0.8032390563898666,0.9137198354187931,0.8393154076240559,668.1510335035726,764.3912223485383
33,0.3369758701917376,0.8891425979647376,0.652067710311837,0.9041156678986232,160.99679709012796,173.29277829159196
34,0.19653230971804977,0.8216551935453299,0.1566409530796464,0.9154996518064922,42.50327485059843,52.249332903792514
35,0.09482817307461025,0.8250023184943407,0.9037678302535109,0.9105754071281994,273.9449489485184,342.97270289523215
36,0.484295758334784,0.5362926453520257,0.5222244138508534,0.8026551213216763,40.3665997489647,40.75738016762083
37,0.26216044556207063,0.9415553719330103,0.9355629378215176,0.7645512785754708,249.82212535729957,268.5464380644733
38,0.08681431881209103,0.2264046154954569,0.5756492228369278,0.4193721499192524,931.976237317928,1098.706528375627
39,0.9387540610949763,0.14034522674261662,0.9996340095368151,0.07135587810902828,115.41874673525996,112.66554256789426
40,0.9031415936003757,0.5996183671730626,0.7366364504096454,0.5343379421209861,50.7942326522589,50.507457435679385
41,0.6746007362771272,0.9917619535850585,0.9256804925903374,0.9792596874457877,87.69270784524758,84.30190238816246
42,0.7350488281086942,0.5186795190797096,0.22233672880862895,0.2562075806860401,48.6484381789584,42.123090449820246
43,0.9767640546267902,0.6933191315532261,0.17053323013193744,0.6414735838781009,906.5520662336886,888.0094665362809
44,0.6327461444084092,0.3331437941550048,0.17315438343021905,0.37810185235933186,214.15130492828192,211.18488576044788
45,0.8975011525339536,0.3865494958822406,0.525655141997352,0.14780307252347266,15.041257300473328,14.704430314274195
46,0.7486867176012784,0.46952473463791233,0.7695143820674668,0.3607758036075137,29.284182288072873,29.177782049038647
47,0.9365743895630628,0.9993379317856703,0.33390296707324046,0.9455886452962192,15.556456130802713,14.641665694545825
48,0.5550954297475518,0.8080684642284948,0.6818222249673735,0.6280801458031039,157.40837461956292,154.14466608098715
49,0.5645602729436714,0.9177879035691,0.9792314118968685,0.8128090903326507,12.467591457452123,12.110725429451175
50,0.09059289059700774,0.560626693529905,0.07625091486911323,0.8990872467091648,31.899798165643908,41.21335617046625
51,0.8653284838999337,0.49485448502549023,0.3971277023794634,0.3022763783796829,363.8699418670946,358.1569766776319
52,0.5000111440270144,0.29649888095691646,0.6547546886404733,0.0177190359035545,19.093665850528318,19.202236015917897
53,0.6217183213781675,0.22303864072160723,0.497884795534884,0.4441325386296834,771.3922728142618,783.5877866915753
54,0.535946047191258,0.4620666747123515,0.2450073128983818,0.24656171646498692,13.736918996711722,13.821896409917148
55,0.7809269420644929,0.9744376666792882,0.9770135386918722,0.6130411296754414,54.11994510394365,45.9376491723091
56,0.5675803783278326,0.33499583509126074,0.23827045964309126,0.5495410032540794,539.8730382545974,546.6495142227657
57,0.6583672846613626,0.5059664509259706,0.1645052885160545,0.4319184236708147,122.86986370308324,127.67388593407317
58,0.9231660199753009,0.4678357357766027,0.5429804105141206,0.21661733529297486,65.6785030779881,55.9183924834167
59,0.9945309915823592,0.7550106128060728,0.22105953831476852,0.6591493428366653,84.022408150437,82.39873877016016
60,0.9661093082753562,0.6766980089592796,0.9262995091135177,0.1106268036781704,203.07284997673568,200.2803397829357
61,0.7384056505151668,0.6735394851096479,0.7566210363980529,0.5206619250226164,10.342374212539081,9.591046716867975
62,0.9980376291960382,0.840639131379681,0.16235477406379603,0.9786407087208204,50.600524440170716,50.56336094946272
63,0.2892995424424509,0.34309633088103186,0.08211078759583441,0.7207841192785244,271.4115146866796,328.45313366080546
64,0.6771359754336352,0.9179198912446583,0.4012264407465381,0.8558042883512267,893.2594997497705,891.4864879481512
65,0.7084180307987198,0.32663736646466923,0.44871065592134823,0.47490909945626675,393.62882722847576,397.77400809373637
66,0.9261093960517528,0.36474694116116346,0.15931372899129634,0.10232251243779718,32.71608868737658,29.673192424706805
67,0.33336103913444554,0.5589218816599024,0.7489711779569064,0.6226401965898182,609.1329413755983,667.4209018589569
68,0.9961367409827804,0.29896374674789244,0.5082151427398948,0.13939399644626857,95.24330584341551,94.39373633425456
69,0.8071643153483224,0.22014619515710862,0.7392312326678216,0.2165706942678357,18.513571521439097,16.182339201996705
70,0.4878929389263406,0.9008944342705918,0.5358319145569809,0.7269299156313467,59.64473103546059,61.41996309068021
71,0.5609907016523861,0.11542751156116897,0.4130889961312659,0.13534265025408584,81.29980482896072,81.37681054868239
72,0.47031990102657356,0.5861860300678063,0.35721333534218913,0.47340262846112446,193.9135605833003,195.0222776212997
73,0.4944965925181003,0.6932785007908726,0.37886906679114746,0.6093211187826214,508.3445876371816,517.4717164583305
74,0.0018564000893254288,0.6891561878479634,0.038439780894661026,0.9783441250188951,957.8360489656862,1495.3840890028491
75,0.22244658450791327,0.9969127612806307,0.8919943663988734,0.9956752581326989,315.0526652866886,329.1995859619924
76,0.9326211440990035,0.7320569508219646,0.948535304090862,0.29290872636570736,109.84179218480664,91.52057255807775
77,0.3589447795097654,0.9178002588989065,0.9785405226049432,0.8913274330777707,205.51274441271605,229.09556015144705
78,0.9752161831281784,0.6178448513327187,0.876037968728641,0.13466910075741545,41.05776653582944,26.534015958026394
79,0.6306303449377229,0.32153558843545194,0.9547608298000622,0.14870650410205627,627.1103975342703,634.1159560113689
80,0.8027969162335984,0.18466735137203666,0.46056533369125763,0.14454919612117897,90.32112676697733,89.06404008039222
81,0.3632801579470124,0.8279178875535178,0.6525645864859644,0.7342122629911553,262.39557119746894,323.3300265991108
82,0.999999986813073,0.5745193924730938,0.40832339539716467,0.3345385184400774,504.9319443896344,501.2852732896155
83,0.923809992498818,0.9406041358878526,0.5639181392461092,0.7799518779139407,16.998421828648624,16.784189908973616
84,0.5699471645290533,0.7086145289548753,0.4741708112595832,0.6359058780349012,175.2698325883774,170.36037278787856
85,0.9999485852417946,0.9999999999760337,0.5564279601534562,0.4064975806954544,23.2546730694886,23.23224770854055
86,0.8892587848763815,0.5492368959740572,0.14466781430483022,0.1740967088665678,224.34737554679768,223.0694923306777
87,0.7145818653108693,0.9999184657102629,0.9854733658443335,0.9999167114767864,293.7094393293922,296.68567983789757
88,0.33609265641668107,0.9217814900944528,0.9372540165199708,0.8189509513283797,19.092226700778582,20.8961657597942
89,0.6512366566996841,0.7074632505347072,0.6298178156767251,0.4490189227648316,929.3753371483011,920.5057652045285
90,0.27275775877748637,0.6011494064131635,0.6883117440706327,0.6090654597422958,413.47115585175635,462.5374386786328
91,0.9133591745747974,0.3980028840638078,0.8934359311577051,0.06926929469341739,40.0925154527575,31.931328354835387
92,0.5194059601991706,0.5194060012075431,0.7287079817890318,0.5662885662144371,211.96016106606572,213.94055333535704
93,0.5015657925498653,0.5015587011831386,0.32817330367535796,0.8532294907837936,77.42821003944042,77.81647582472749
94,0.9822660922916658,0.25346454802347274,0.0340575742940604,0.3095346785031537,276.1131769828077,274.58196376304556
95,0.6471886298268547,0.9401031314313245,0.6528476803146206,0.9832070055651077,273.4697764623185,275.90771846385945
96,0.5396594896350813,0.8549769084427625,0.3413980167888494,0.8156807591382802,75.61496094325194,77.21563990882589
97,0.47627377871282944,0.6289367110168911,0.3772554234170503,0.2630933305106453,79.86919515309451,80.20801329802019
98,0.4648966157541832,0.512031515628158,0.5176548019495804,0.671088537129649,38.01701524064537,42.30405071687323
99,0.4554088289831033,0.7501720071810486,0.8335519320148714,0.7071502775615046,166.72376170013277,168.90365420102984
100,0.6405708791932143,0.3586247255073199,0.3850393980850701,0.3289904001325636,10.477112046501249,10.71794203145652
101,0.8741451367800267,0.29086325663531776,0.7692492610868927,0.20052117345867085,33.45968521446371,31.977558713098304
102,0.9750244401540553,0.7824418278569054,0.9675983200391564,0.5498452762668244,44.11831305090349,42.315621989076064
103,0.5054406657287103,0.36858882591291375,0.8802899299702948,0.01566453942218045,121.95296016829201,122.78324094691312
104,0.6544646548843395,0.6079764494220288,0.65992980406312,0.26673217507457836,41.46472765191945,35.088034235619055
105,0.994403081939535,0.13394072583507338,0.43971359486011874,0.0956616915573618,235.423189202393,234.66200432039096
106,0.8669143521789545,0.57889658701997,0.5265505943768166,0.17441457403370214,12.308388118549384,10.59676066503457
107,0.2816132545144271,0.6198118486371521,0.5775815121156453,0.5490373744286944,75.33817406543506,86.31672784974039
108,0.5933043312576742,0.12604346833728045,0.49056258729743535,0.41267717596596065,41.06267421532226,37.30841397019717
109,0.7547351619500187,0.35272164360549285,0.9249640933777781,0.14248808356034015,12.49603418832098,11.311317380986297
110,0.11987045934137167,0.877961651294139,0.3709133956270786,0.9180399838409391,10.42217671436261,12.78651686760247
111,0.09471464237950256,0.9791464329135862,0.7197636684010176,0.9628117265202878,97.98106171768866,131.42831734803946
112,0.8676087003277415,0.31596633373224264,0.8898989076531739,0.1791966177798248,10.975330632421766,10.726986823588181
113,0.1947542167558058,0.5879082968306453,0.050689076893948665,0.7008360963198565,19.40580566393405,22.69484439025042
114,0.5263543776913546,0.5263543751895036,0.42462142685553766,0.8886973651381003,951.7659427928158,968.4006441660231
115,0.4943531689136743,0.3822089840440456,0.6637115423409119,0.3447463043605686,300.4114805857155,301.83443891269127
116,0.04370428954195189,0.15409179764659325,0.1227752507180541,0.6152566910847656,33.97676139391326,47.499858644879694
117,0.28819907100325126,0.30063805049665443,0.09981889242628232,0.5455466359866787,25.84298360609117,30.960471300377574
118,0.9994254428796051,0.21535437399489,0.4991929086332692,0.04116651546224701,14.862127395165441,14.72624565829093
119,0.35258873449956907,0.8393769886688297,0.40132636000866073,0.8434055143485132,532.5559840276251,579.1269470922724
120,0.46479591116882263,0.9732307380953441,0.7401849389471683,0.8811472461702359,76.62430102109747,77.32732086724657
121,0.9412050557663286,0.9998920363403051,0.8001281522907804,0.9000878873313171,541.0497012340967,482.5043598785369
122,0.9998111716249969,0.9999999753166289,0.6557576833924506,0.9032021556388782,218.6423177701276,210.7522203647096
123,0.5600656431294894,0.7014152346780331,0.557612634062901,0.6805364399120702,233.53047204558058,236.74983898426026
124,0.9175048706301139,0.9515835119450161,0.9611469877977548,0.3871487338724867,556.5429329716828,382.1659965629092
125,0.400325983654332,0.2577553657872217,0.816058679979994,0.36846179102585397,47.31461931785028,49.2627434551157
126,0.029449721987342543,0.8472555671053981,0.2792892832283254,0.9628539050934337,108.17900755211264,133.0878589700913
127,0.7803447238739387,0.9999097997260545,0.8991484618230277,0.10778964934860515,229.6274246954722,225.3961631232394
128,0.9339612096129339,0.32248604413999005,0.4848969619541314,0.1512883320850016,293.61780981181994,244.81634860518446
129,0.7657995646241381,0.36153901753941053,0.6150205287457902,0.24499565601472337,107.77902428785015,97.80521109221277
130,0.5000335037244812,0.15727978098521006,0.3485080289246245,0.23750578261747018,817.9990735573224,822.8025513884343
131,0.3231665926062505,0.6953997720678332,0.6058335072817812,0.5974121432235627,411.5036996573924,451.4148510094428
132,0.5644929892972151,0.8933956298806393,0.8071607053547133,0.8160291567035864,754.3321927796728,775.3012074108312
133,0.37371560632143364,0.7605412842311754,0.7559252260895678,0.6333495974208395,158.73944103042038,178.27014497621357
134,0.790130387518021,0.3373013740199811,0.353118258852632,0.3525807283142439,420.4382012230555,413.00521929145697
135,0.9907895968227971,0.534736530509665,0.7158135070403788,0.03583575670261506,32.548004336386924,25.617249345745275
136,0.5000000002617322,0.2525749611184551,0.9450859772675723,0.3207142528442524,885.5623057351937,887.4451870907459
137,0.8182439887215815,0.21710456124227642,0.8118196003267294,0.14832256225904156,556.8038742114051,551.3851627178854
138,0.9846791183257493,0.20155127710676848,0.3815722785527089,0.19281907908419563,164.16864455747492,162.17476312956362
139,0.27671268532665033,0.013479547132514466,0.21297819934510245,0.08374977892555202,104.37508591245614,105.9956069867025
140,0.4749551954803752,0.2990162521431358,0.29357957269564405,0.19934928062475887,52.360105324186236,52.60830201386948
141,0.6823985552936039,0.5139447449310988,0.6942178757668702,0.36929948448949257,16.266741142391556,15.0089001014496
142,0.9810304369238965,0.8766930121236888,0.19620726743212866,0.820437344269885,118.37574166457944,116.83322673345573
143,0.9982522564628048,0.10628485440566497,0.02600248341564681,0.16336875017835203,160.7020026772924,159.9391033921506
144,0.50003768494562,0.12437764056961544,0.9634122824891314,0.20428423540310542,18.552581528541502,18.820896577915576
145,0.36911649665725815,0.4261081918666829,0.28466131349132767,0.4792111110326273,55.19333119539971,60.65367674878272
146,0.7762933179004492,0.9783039224430883,0.6994675943613136,0.9217044057730536,595.6572719087868,579.8831112670276
147,0.5005628678558951,0.07657606952696237,0.14434656106123162,0.03353132302165826,122.80067729512851,123.26592642967496
148,0.6595598388891747,0.5718193604303009,0.5352815892922003,0.4288117430040277,146.67630550435,130.90173556716078
149,0.6070050544977408,0.621680279059047,0.47511663609464627,0.33225931418779364,70.79053330617796,66.31729853474376
150,0.4937752612746761,0.9480798727021273,0.30570727301170836,0.42992298353632036,342.0640813953128,342.32837430735134
151,0.9757344563942981,0.5139882267079892,0.6671567449270748,0.23770550491696424,603.4291853229988,593.064813755819
152,0.5705280911715679,0.06449280718209507,0.9664744363388222,0.10006704247992827,380.39903637244055,391.3239047001469
153,0.5000020798828777,0.4996390702722297,0.27863518180106417,0.2993152795337608,25.767845362554425,26.194909410228064
154,0.9997439918351981,0.9996505281957574,0.36279444774612757,0.8748764090773465,149.13650500255622,147.54954859447525
155,0.726380467061491,0.6458153893300523,0.22964515636201532,0.3752143485184489,380.5429459284001,356.334163685652
156,0.8327500439765031,0.3953352175699667,0.5710001448246014,0.40142708906661495,20.518088209373513,20.091124011750725
157,0.963163987865659,0.16288203461774048,0.11434417317510129,0.03779827658325846,27.08293984766042,26.913644030508273
158,0.0499030247333579,0.9827463202725197,0.8362442880065398,0.9958284404374608,147.24527672037965,182.65289605780004
159,0.5790788235446307,0.8386839857112337,0.9290763241979032,0.6412215033931794,153.09329676694168,150.33914901934952
160,0.5582476324812045,0.5802864425368355,0.3434198927905907,0.11062882446694386,81.79550711159048,83.63696602910912
161,0.4663447271509747,0.9101328597137828,0.40920527180936517,0.8828823761423031,65.20596474536684,67.0557495144452
162,0.9997401416402365,0.21109046063999898,0.15745849005493273,0.14399856469744585,129.44471350134825,126.78469785046761
163,0.32369155297680974,0.9906742840325756,0.9818478616395399,0.9594016137407451,28.279934715067178,31.19725599543087
164,0.8795216535634846,0.32652371800407576,0.7698490479194128,0.2036953735784377,65.80632197039608,64.56792327679875
165,0.5267101598133378,0.3095942016914244,0.8693110540836042,0.24850620607807342,15.067577662209827,15.338749575070594
166,0.8426568265867677,0.7750272177996944,0.5047855144999372,0.39434859056249744,15.841957048675415,12.991430279213183
167,0.8378297269597815,0.9647183099894372,0.6059473576737169,0.90140490263525,302.7790403703165,299.80382923598233
168,0.21580667909352663,0.7939248078555702,0.6301063599777738,0.6823172658235958,110.43716703370949,119.59171626794314
169,0.6403682538347595,0.4261436617175421,0.5340535098288246,0.27665042019857616,308.86666774104157,307.4691026812778
170,0.5964110180442164,0.08110842612788846,0.20974090293906386,0.10291178978415391,33.87838757607409,33.866140945003124
171,0.8410414707468052,0.8383071217743747,0.6071877836378425,0.5554110769054811,14.652605714331381,14.360776137372051
172,0.9273387048128471,0.9904890238596131,0.9688560916822216,0.8490958702187461,342.9958888172605,307.82642437175167
173,0.6203711252094217,0.08755011462444465,0.5382933651985728,0.1137000210617077,173.42276643039764,167.82657427279702
174,0.9965433024934288,0.29386990548075603,0.5426418132972319,0.05161330525013214,457.5456094036547,329.6409392186431
175,0.5398349277979251,0.4422095683374594,0.2285763270312026,0.3987934638833091,238.31108795228823,236.40689937709516
176,0.9678548341480213,0.4999999905983575,0.7847776314599205,0.21419201644440858,600.3789776639982,599.7229259688505
177,0.5993834967096776,0.1152791041443758,0.4088334707204716,0.06871980384226296,123.53143438156545,126.47568403234463
178,0.9322516076246363,0.5237851405798433,0.17816477798941463,0.43689280698981137,16.264491031501052,16.114538064108576
179,0.4810036021279173,0.35972346807761035,0.22702772928817258,0.29147296410754625,14.413305602822694,14.471469934173685
180,0.7269814114013716,0.4017725118584149,0.6787355759022272,0.15380296726242498,95.82100347815243,88.63329888458415
181,0.9301481881091631,0.49503723861993654,0.7766363655083355,0.279291591115877,85.23571319332022,76.70889419272123
182,0.07744336287339221,0.5778111213595509,0.48935037467116277,0.9103581718572008,30.82071928228034,34.047067426676875
183,0.3594711553298128,0.676617331647971,0.18736941914288593,0.7121321304698148,270.52934003801954,290.2429898000665
184,0.6776244269413575,0.3144621401801616,0.15975728209006043,0.3503479128834861,301.996304687072,277.2269163555803
185,0.9498624882712343,0.9498522908997158,0.32640132556876367,0.9947838750590784,95.5901016504383,94.6544682188611
186,0.22729600594206975,0.16466172436502158,0.7129393417756161,0.18675864413575569,17.44841052868248,18.551358682808726
187,0.48860821387593206,0.6768485654452313,0.020631261204103378,0.6759467200196152,29.415707230988243,29.622324210709895
188,0.4999734537968291,0.16807181175177602,0.9061358532619677,0.14684403099330584,13.588062906688723,13.739266241193574
189,0.364058624475806,0.9915399590658034,0.7856615101246761,0.9422072395036727,114.07422891280731,119.97985224201338
190,0.8929030268364382,0.3227839067029103,0.6487078219158106,0.15204006363514616,126.68973236535348,113.04119036094731
191,0.5000000569492247,0.03435453006874969,0.7302741958689918,0.03435452345530286,128.0358112920881,129.33417716337948
192,0.984913723472073,0.28115909306781184,0.3390426057373427,0.05156549035311181,25.197476061139284,24.851081703853637
193,0.9018324262660538,0.37747189155493666,0.5527812361941393,0.26471679423019034,11.751395713512942,8.973870735609706
194,0.9669370550637058,0.5359394371548603,0.4370604377722117,0.5586897697633735,36.28774924124168,36.14484599789255
195,0.643866643571726,0.8170156393983821,0.7737423824274579,0.6311682941732655,209.72908016839148,198.42593087633813
196,0.5004073692855627,0.753366357232021,0.5326828055002772,0.6199745913262117,511.7646099629058,522.7374213551462
197,0.49731245780696254,0.9060496298832309,0.2874572956991643,0.9213934657990023,373.7665445950453,374.0295011689062
198,0.5770772328216959,0.6845559397221804,0.5404638476658968,0.5045762132110232,261.7454814558934,251.96390452916668
199,0.9493903407312435,0.05028263543799047,0.1878485618890619,0.03724485740540032,644.6227424178377,489.62616217541364
