iteration,q_rank,r_rank,gamma_rank,n_rank
0,0.6463877617192638,0.9913291612535853,0.41108318270817895,0.8963897815154083
1,0.5000024790874541,0.10403013923020951,0.7093267253499776,0.18353924604290522
2,0.579802523951171,0.6894808636261366,0.915825160611712,0.5826006617730782
3,0.5621530311693111,0.9720419063962673,0.7252425570327151,0.25863136414755517
4,0.16359406966001558,0.5675364211746121,0.7698708871498644,0.5823408468138904
5,0.11447831780310727,0.1401908120705745,0.24485761072501727,0.7694229468949019
6,0.3154976730312202,0.8959214965875905,0.5871979851565651,0.9718658100243125
7,0.48550801894538154,0.23058624644003703,0.5959443818262624,0.16547368703399967
8,0.49987989023091883,0.284841931144715,0.9674514122405421,0.1769793142420118
9,0.08846204884857262,0.6061833934243198,0.22066035633321884,0.9335651215175262
10,0.8519871536433895,0.14883029717934354,0.18272512666369112,0.25953649685303426
11,0.5007056194097341,0.23444453992047762,0.12373211176213846,0.03644890820276598
12,0.5000730899418857,0.2899913116385452,0.974732852360826,0.2899381798715173
13,0.9999999942407664,1.0,0.21062153844958725,0.8885409006070333
14,0.14038369418337554,0.983308733235901,0.959708350912127,0.9819759922646818
15,0.9240140837270004,0.6997415126993429,0.7867200564096724,0.6242493751497749
16,0.9520332277088454,0.23530632286129755,0.6068876549413581,0.20730028697251798
17,0.9031008244696447,0.7741493468819206,0.2524046020652468,0.8215954459775756
18,0.9999995198847912,0.00045196475717608714,0.6216359989835345,0.0003137347603748311
19,0.9971005626146248,0.5596979388654277,0.9940886455753065,0.7063198394022078
20,0.8614926109705653,0.9306985635039994,0.969137061127132,0.9006255661955156
21,0.8545049463535969,0.8614801432084067,0.7979844493263107,0.595858087913042
22,0.9670688732773517,0.9755711815728654,0.07213476669135734,0.2173455441829095
23,0.5003510771287797,0.42671776301368125,0.1349565456090875,0.3087259795914948
24,0.9961709365325581,0.5244092345602527,0.8578873415054229,0.2881115765930784
25,0.9999999999997657,0.3449795262995022,0.4245082181802714,0.387140035614303
26,0.3838801374323597,0.7798266185742813,0.6831827616720385,0.6556923449482233
27,0.5,0.4999999956558726,0.03966680088222603,0.7420141400729713
28,0.3116716794916753,0.6829172789023316,0.7080240637734618,0.38198305295198487
29,0.9999927217753589,0.12896846961661665,0.7819609813292161,0.21664553246967266
30,0.806976221739902,0.9443000035379387,0.9707195958688661,0.326779436798287
31,1.0,0.9999999999999999,0.8206609036421388,0.14634856028469223
32,0.9501990716474886,0.21638229550920418,0.5974633015203157,0.0831705885423851
33,0.6188981969397913,0.5095020982022012,0.11766853890921006,0.8466875218323328
34,0.9989585132762491,0.999999925595775,0.753038916417431,0.7779185845447846
35,0.2148809173280573,0.13447518501801603,0.07258313961975413,0.2858902244530169
36,0.40456312032330044,0.9892196091843994,0.17920035531532721,0.972584004742127
37,0.9948515724166301,0.999362807904252,0.6981449363729189,0.9997552877346861
38,0.5091600215776152,0.42339503195380773,0.9001800922456631,0.2509860790728112
39,0.5045716105005376,0.3115753606460801,0.10886709512858178,0.37412945757148824
40,0.7727556507629114,0.016648015435339582,0.17612827131225403,0.17992851965782505
41,0.7771616714739633,0.7684130048191599,0.8720348224652675,0.3278824592962853
42,1.0,0.21844687652577569,0.9441595584020367,0.13988885468582826
43,0.36965562843555844,0.953120248225326,0.16737764049980478,0.6900593318958566
44,0.9984056601562667,0.11833310139839733,0.7426003993064044,0.18099120735023888
45,0.9999999999947655,0.03373604405233457,0.9944781954400972,0.0015362269111351258
46,0.9174162404014997,0.40878105969323864,0.9107533633164765,0.1596004862678262
47,0.7207893556647077,0.5592361746851794,0.8821406237036369,0.3392574016551699
48,0.9999999959460978,9.789763224685599e-06,0.472980393196802,5.365791682612893e-06
49,0.5000021913577073,0.9999999186767434,0.9977023448003491,0.9999974882971957
50,0.9999959004876743,0.5244480906996649,0.5977617459801736,0.26940661212411016
51,0.9663681754660041,0.49630869147451373,0.9428062736870443,0.11328380941076488
52,0.5000111546328044,0.03214274852798763,0.8390087746040423,0.020492304710047305
53,0.4770341142332789,0.8825736169057219,0.8825128106787213,0.7609100876659829
54,0.5000000000000134,0.9999799371696149,0.999984384850632,0.999976469160025
55,0.7859261385322133,0.483627124236282,0.1840212085156851,0.5202346997177045
56,0.7033301479103827,0.6045434720650298,0.9489325269396244,0.31028690479806537
57,0.9105560459935292,0.39535122745023416,0.7937788048106953,0.43250792358845674
58,0.6765865842394413,0.6050501725608552,0.7462007689574393,0.613498224668389
59,0.9881708151762569,0.990787225188621,0.48527535883426304,0.9872447685092811
