delta_p,p1,p2,q_hat,n_hat,v_hat,q_ci95_width,n_ci95_width
0.05,0.1,0.15000000000000002,93.04554625940392,6.72732369888847,0.29328834503467727,22.204537797183647,5.0
0.06,0.1,0.16,100.11430238224976,5.980981006667049,0.345943455929528,29.22089434153638,5.0
0.07,0.1,0.17,103.8130679521823,6.498526347257115,0.3378786800999445,33.99182321539678,5.0
0.08,0.1,0.18,96.41716051190038,6.110427643955628,0.3147949791674159,26.906168568002883,5.0
0.09,0.1,0.19,89.15463518264431,6.5280765221411325,0.3542007286907387,32.68910786878294,5.0
0.1,0.1,0.2,102.43677260650469,6.105360472060946,0.29328834503467727,22.705552254463882,5.0
0.11,0.1,0.21000000000000002,117.80662915266863,7.091158235521549,0.26688089305566964,25.420760611289978,5.0
0.12,0.1,0.22,96.65784780505464,6.829624021465534,0.28645108676141756,29.19821891224106,5.0
0.13,0.1,0.23,111.00567879283268,4.4709284015324835,0.3074563494123244,37.39967925191105,5.0
0.14,0.1,0.24000000000000002,90.39853791463551,6.709229058638513,0.29328834503467727,24.78033306267764,5.0
0.15,0.1,0.25,107.79819884460065,6.584105830078092,0.2797732214592277,20.451664823506775,5.0
0.16,0.1,0.26,110.18794408906729,5.748922371575341,0.3713112534000067,34.45850002844692,5.0
0.17,0.1,0.27,117.04010072037298,5.7823106256587495,0.27325103329374684,22.54771458795028,5.0
0.18,0.1,0.28,102.00973434227046,5.897870638543725,0.29328834503467727,27.753747529897623,5.0
0.19,0.1,0.29000000000000004,85.19075640315342,5.710968825416811,0.3892483434777558,42.66601019208194,5.0
0.2,0.1,0.30000000000000004,90.17660756985683,6.919111605939123,0.345943455929528,27.883802407682026,5.0
0.21,0.1,0.31,91.67906542706345,6.924472968097284,0.4379740975098595,35.74347943724253,5.0
0.22,0.1,0.32,97.01459140864817,6.057743585810778,0.3074563494123244,34.90305434752159,5.0
0.23,0.1,0.33,98.55459594755824,6.6573966503560555,0.3378786800999445,32.31942575917293,5.0
0.24,0.1,0.33999999999999997,96.0476472260268,6.311559133848881,0.29328834503467727,33.00774146767466,5.0
0.25,0.1,0.35,105.84751104214567,6.706253264183654,0.3223087735817682,30.060624901053856,5.0
0.26,0.1,0.36,83.73583045256169,5.331590565333222,0.5289359332274824,51.877640874324136,5.0
0.27,0.1,0.37,84.82678595395235,6.156493832246215,0.3378786800999445,34.18330704518,5.0
0.28,0.1,0.38,97.4143923119678,5.698827264852127,0.4379740975098595,44.379966904995584,5.0
0.29,0.1,0.39,94.60721751537085,6.548286785057835,0.3002888008060641,27.415365853319273,5.0
0.3,0.1,0.4,99.92487661615888,5.1677423905388045,0.3002888008060641,29.091451687345995,5.0
0.31,0.1,0.41000000000000003,101.15639262946314,4.683488132899503,0.345943455929528,34.57504714595939,5.0
0.32,0.1,0.42000000000000004,98.0926522645827,6.241846374324103,0.3985392541420696,37.13612591944798,5.0
0.33,0.1,0.43000000000000005,103.57482243577037,7.284041528604055,0.24285114728909657,17.79295950583274,5.0
0.34,0.1,0.44000000000000006,96.11520474663479,7.196820907744084,0.23166023799584184,16.581335624900916,4.0
0.35,0.1,0.44999999999999996,105.93720097559411,7.294478915008042,0.27325103329374684,23.456724943062426,4.0
0.36,0.1,0.45999999999999996,102.54727200798557,5.1179254823068,0.345943455929528,34.28320138098188,5.0
0.37,0.1,0.47,113.07063189143895,6.992880108349965,0.3147949791674159,47.56480374838682,5.0
0.38,0.1,0.48,91.81898901568033,8.28169013334408,0.21080173231742036,11.801756647277216,3.0
0.39,0.1,0.49,110.50824263190513,5.687430514972714,0.26065925614130786,31.936004276414366,5.0
0.4,0.1,0.5,89.54144710447683,7.841612458093922,0.24285114728909657,21.127672549239406,4.0
0.41,0.1,0.51,86.44491107854147,7.0480306083704765,0.4177916587907487,46.43052726390813,5.0
0.42,0.1,0.52,87.20158861378991,5.756071247047149,0.44842803593100045,44.96177613070862,5.0
0.43,0.1,0.53,96.14461695929046,7.147268976842834,0.3223087735817682,36.29229348127754,4.0
0.44,0.1,0.54,106.05028216387451,6.214402664317983,0.3074563494123244,36.44985659367042,5.0
0.45,0.1,0.55,102.29841415860099,7.978240365869751,0.3147949791674159,31.52141664909081,3.0
0.46,0.1,0.56,103.17296490277762,6.176616876067913,0.2797732214592277,31.890065819082665,5.0
0.47,0.1,0.57,95.0631391167512,7.890305038363533,0.23718970167053072,21.00948420251801,3.0
0.48,0.1,0.58,100.25678080916181,7.167591804176783,0.26688089305566964,23.252052505582924,4.0
0.49,0.1,0.59,96.5721971239455,7.504429606538124,0.3713112534000067,49.317941221057204,4.0
0.5,0.1,0.6,97.3163076766679,4.706896026391663,0.3378786800999445,45.98680266164699,4.0
0.51,0.1,0.61,102.63337884446304,5.53445239691996,0.26688089305566964,32.19144136401792,5.0
0.52,0.1,0.62,98.78457379487736,5.2190645633385735,0.345943455929528,41.93486176648739,4.0
0.53,0.1,0.63,90.78054671157378,6.3499321265533695,0.2797732214592277,28.629917185525557,4.0
0.54,0.1,0.64,87.30112365744965,6.650672467900534,0.3002888008060641,35.59346597387463,4.0
0.55,0.1,0.65,100.93951888276595,4.6950447445316295,0.47009043910416076,57.35712608704688,5.0
0.56,0.1,0.66,88.47231187146706,7.394612506359907,0.3147949791674159,32.93485873238784,4.0
0.57,0.1,0.6699999999999999,89.05036507841272,7.018657164864898,0.4277638655917834,47.010437449531295,5.0
0.58,0.1,0.6799999999999999,107.94597814402333,5.244861118960683,0.3300019136345116,53.076571500432294,5.0
0.59,0.1,0.69,94.49609958220418,5.424178498018273,0.481310957693508,50.14558886061671,4.0
0.6,0.1,0.7,99.64707065415563,5.45830574872116,0.2797732214592277,31.985922003086102,3.0
0.61,0.1,0.71,105.0928371154632,6.1096461717403905,0.29328834503467727,43.601484097096616,5.0
0.62,0.1,0.72,100.91496906700107,5.457095132917941,0.3002888008060641,52.45044184488329,5.0
0.63,0.1,0.73,92.42016781373518,5.6830304036892745,0.3985392541420696,47.25502986022609,5.0
0.64,0.1,0.74,88.68301869580479,6.285264377628551,0.4277638655917834,47.64235694507781,5.0
0.65,0.1,0.75,112.97305704339334,4.703871095126819,0.4177916587907487,55.34547590512486,4.0
0.66,0.1,0.76,119.18556470086534,4.732028229562896,0.3002888008060641,43.34306831423065,3.0
0.67,0.1,0.77,99.17934089530947,5.135285735431133,0.4080519281675348,47.53588726759794,3.0
0.68,0.1,0.78,104.60621342641049,6.075255038218368,0.21080173231742036,19.94019701626732,3.0
0.69,0.1,0.7899999999999999,105.20601412468352,5.1660942872143805,0.3074563494123244,40.38404376703279,3.0
0.7,0.1,0.7999999999999999,96.15873398854156,7.450829674834534,0.28645108676141756,40.69075264058338,5.0
0.71,0.1,0.8099999999999999,101.41903853463285,6.038380582933331,0.26065925614130786,34.97888832036031,3.0
0.72,0.1,0.82,101.96924669301734,6.038964008666745,0.22098502093714262,25.115050759372792,2.0
0.73,0.1,0.83,93.1182891978673,7.021181115265953,0.3223087735817682,43.07547715367238,4.0
0.74,0.1,0.84,81.0010154493248,7.276901513809173,0.3892483434777558,37.54153841861462,3.0
0.75,0.1,0.85,108.71997482146416,5.160142196052103,0.4080519281675348,52.97917718976565,3.0
0.76,0.1,0.86,99.2180820662697,6.340513964852626,0.17871617497633407,14.06081939489988,2.0
0.77,0.1,0.87,95.00063437131328,5.965112855650906,0.38017402633610015,40.749123418134715,4.0
0.78,0.1,0.88,105.19436346603223,5.719434229254728,0.3002888008060641,35.04923041194006,2.0
0.79,0.1,0.89,100.7024244421017,6.00439808523731,0.2797732214592277,29.482608438661842,2.0
0.8,0.1,0.9,83.276591043335,7.296694301308644,0.3626550930641316,32.657140814121064,3.0
