generator,seed,q_true,q_hat,n_true,n_hat,v_hat
gamma,0,30.0,32.80166862975884,12,7.829898546723891,0.3801740263361001
gamma,1,30.0,27.25100179633765,12,16.030910969265648,0.2545826605802289
gamma,2,30.0,27.25100179633765,12,11.934325186843967,0.3223087735817682
gamma,3,30.0,28.543737483250872,12,14.427722117170912,0.3002888008060641
gamma,4,30.0,31.31609276034533,12,13.1504627906613,0.3626550930641316
gamma,5,30.0,29.89779809204065,12,15.50006562304737,0.3147949791674159
gamma,6,30.0,29.89779809204065,12,12.24067223133185,0.2864510867614175
gamma,7,30.0,28.543737483250872,12,13.600839075691926,0.345943455929528
gamma,8,30.0,31.31609276034533,12,7.731298369143245,0.2668808930556696
gamma,9,30.0,27.25100179633765,12,15.112145809229112,0.4277638655917834
gamma,10,30.0,26.01681364746844,12,15.829037259291404,0.26065925614130786
gamma,11,30.0,29.89779809204065,12,16.44241493945212,0.21080173231742036
gaussian,0,30.0,45.37268707907675,12,5.6605361962947125,0.2932883450346772
gaussian,1,30.0,32.80166862975884,12,10.51759563576187,0.4484280359310004
gaussian,2,30.0,41.35592772719115,12,6.988410990849425,0.4379740975098595
gaussian,3,30.0,37.69476458812934,12,7.6671713704372495,0.3626550930641316
gaussian,4,30.0,32.80166862975884,12,9.914810151143024,0.5415610261408009
gaussian,5,30.0,37.69476458812934,12,9.152323687271489,0.4080519281675348
gaussian,6,30.0,39.4829325152041,12,5.449372168788137,0.4700904391041607
gaussian,7,30.0,45.37268707907675,12,4.470224185980644,0.3892483434777558
gaussian,8,30.0,32.80166862975884,12,12.554883022633804,0.3626550930641316
gaussian,9,30.0,41.35592772719115,12,7.863983109026759,0.3300019136345116
gaussian,10,30.0,35.987582148497474,12,8.519137021588508,0.4277638655917834
gaussian,11,30.0,35.987582148497474,12,5.636001949975086,0.5289359332274824
