resolution,seed,q_true,q_hat,q_abs_error,n_true,n_hat,n_abs_error,v_hat
64,0,30.0,46.3852002940275,16.3852002940275,12,5.348338447084022,6.651661552915978,0.2904470607707947
64,1,30.0,31.920855011190906,1.920855011190902,12,11.105465801532272,0.8945341984677277,0.4455827955239864
64,2,30.0,42.24771318130444,12.24771318130444,12,6.614029144300217,5.385970855699783,0.4455827955239864
64,3,30.0,38.479283429537766,8.479283429537766,12,7.261767407204044,4.738232592795956,0.3684031498640386
64,4,30.0,35.04699170098335,5.046991700983348,12,8.980273358834143,3.0197266411658568,0.5389314063689318
64,5,30.0,38.479283429537766,8.479283429537766,12,9.212644625557909,2.787355374442092,0.4051593580262715
64,6,30.0,38.479283429537766,8.479283429537766,12,5.724009556391362,6.275990443608638,0.4672826795684085
64,7,30.0,42.24771318130444,12.24771318130444,12,5.213436881862616,6.786563118137384,0.386344384835305
64,8,30.0,35.04699170098335,5.046991700983348,12,11.39282800675077,0.6071719932492297,0.3512950780625475
64,9,30.0,42.24771318130444,12.24771318130444,12,8.390891174657071,3.609108825342929,0.3349814786233935
64,10,30.0,35.04699170098335,5.046991700983348,12,8.980273358834143,3.0197266411658568,0.4248906204919682
64,11,30.0,35.04699170098335,5.046991700983348,12,6.284584650031062,5.715415349968938,0.5139042664010975
128,0,30.0,45.37268707907675,15.372687079076748,12,5.6605361962947125,6.339463803705288,0.2932883450346772
128,1,30.0,32.80166862975884,2.8016686297588365,12,10.51759563576187,1.4824043642381302,0.4484280359310004
128,2,30.0,41.35592772719115,11.355927727191151,12,6.988410990849425,5.011589009150575,0.4379740975098595
128,3,30.0,37.69476458812934,7.694764588129338,12,7.6671713704372495,4.332828629562751,0.3626550930641316
128,4,30.0,32.80166862975884,2.8016686297588365,12,9.914810151143024,2.085189848856976,0.5415610261408009
128,5,30.0,37.69476458812934,7.694764588129338,12,9.152323687271489,2.847676312728513,0.4080519281675348
128,6,30.0,39.4829325152041,9.482932515204098,12,5.449372168788137,6.550627831211863,0.4700904391041607
128,7,30.0,45.37268707907675,15.372687079076748,12,4.470224185980644,7.529775814019356,0.3892483434777558
128,8,30.0,32.80166862975884,2.8016686297588365,12,12.554883022633804,0.5548830226338026,0.3626550930641316
128,9,30.0,41.35592772719115,11.355927727191151,12,7.863983109026759,4.136016890973241,0.3300019136345116
128,10,30.0,35.987582148497474,5.987582148497474,12,8.519137021588508,3.4808629784114924,0.4277638655917834
128,11,30.0,35.987582148497474,5.987582148497474,12,5.636001949975086,6.363998050024914,0.5289359332274824
256,0,30.0,45.92859176269518,15.928591762695177,12,5.523845119335118,6.476154880664882,0.2947025168714808
