iteration,q_true,p1_true,n_true,rank_current,rank_interp,rank_p_direct,rank_p_direct_interp,rank_res256,rank_res256_interp,sd_log_q,cells_per_sd
0,42.04001903728689,0.5138068538537495,8,0.4998415629159209,0.4895584287915645,0.0086330465875957,0.4914386076581688,0.8575341355738855,0.4567675793446734,0.0011619903290482,0.0464349503397097
1,405.56777942532847,0.3086240663988412,6,0.3235820703584817,0.2053098134694675,0.0805539901771048,0.2042196551344656,0.278089292366408,0.1883788645373349,0.0445877207368787,1.7817950342784532
2,440.37759626306575,0.439890475460138,4,0.0221322757433509,0.0096416711213927,0.0077334295501825,0.0084129594202719,0.009617173472024,0.0080341241851505,0.0460583416060042,1.8405633435484976
3,471.6749224832295,0.0466877802411781,8,0.7785103219212226,0.7541748145071484,0.6235296808925328,0.6898551190217506,0.7848446581716806,0.7594252001345255,0.0636215538244381,2.5424167641676334
4,470.0511193382699,0.3783797151838524,7,0.1287802785342582,0.1092124995554731,0.0913883094750215,0.1091113066232403,0.1113696045670033,0.1079926998892921,0.1632642527771647,6.524294807313103
5,138.3322860291452,0.367567817042301,4,0.082032285449092,0.0713603631374461,0.0698455534025307,0.0711036188857164,0.0789745861018278,0.0707429702311255,0.122736791760843,4.904754099750644
6,912.670304810994,0.1305690998970499,7,0.5577013983885213,0.5412655636408361,0.4636457166028371,0.5417878582729719,0.5686100611106397,0.5412726967361999,0.1632885426887698,6.525265470158288
7,553.9336020824989,0.3390111625556667,7,0.9606166416711032,0.953267235452274,0.9479187965024976,0.9533865618059928,0.9583615373029946,0.9541709986385092,0.1242810903520753,4.966466685992377
8,268.9297925388541,0.5446761721297534,6,0.8653037638050917,0.8528949704518779,0.8387580610601747,0.8535507306536813,0.8623253081527108,0.8534441961785786,0.1652533898123719,6.603783833288371
9,18.91235962762073,0.7039012559488517,5,0.7478866530343307,0.6828079867766592,0.6463633618707063,0.6817330368101755,0.6883051369619172,0.6825815268457847,0.1047412264683321,4.18562317430029
10,100.77876071841568,0.8187862683560618,7,0.8826047656598044,0.7309754561561289,0.6517430306477724,0.751919020464664,0.7850485299287833,0.7495016442759548,0.0552712352600037,2.2087249784727385
11,175.98073759337345,0.0699576844507228,7,0.92852392421095,0.9192688402836912,0.8435463117250575,0.9124070340340846,0.9309629238990772,0.9204525587153296,0.1238557935931513,4.949471162547317
12,159.95550705188143,0.6953804695849576,7,0.500118555641401,0.443404184826155,0.2800500453119503,0.6171062098803919,0.5904200982930603,0.5278226617997327,0.000385495184996,0.0154049903204872
13,37.75667093224563,0.9313546138897566,4,0.999752990034913,0.6050344886632638,0.4349490103088389,0.7228447976122175,0.9301381186756644,0.6557149923916623,0.000556061235129,0.0222210763666215
14,186.89814351027172,0.5994520525237279,6,0.546041208697454,0.5218447865741411,0.4875486676220981,0.5283172610468747,0.5426917667172094,0.5303067231479998,0.0991429746887075,3.961908280227861
15,386.4575109736077,0.936850130933898,6,0.2861402220131975,0.2816768710173707,0.1867428479701028,0.2105810381737894,0.2449487739671111,0.2413084781074972,0.0798561151146683,3.191175216328074
16,71.66807617990827,0.1626914302267146,4,0.4279138414279627,0.4201440527214282,0.2750698653676884,0.4213220783036264,0.4541931017341857,0.4202544855345198,0.0972550637487607,3.886464407288001
17,11.165483643283768,0.7063782730018533,5,0.8737306260343158,0.8432296987717233,0.8319832082192606,0.8396586665692032,0.8498769055909591,0.8414175415632829,0.1229376328365111,4.912780023152568
18,229.485783562244,0.0478304357232807,6,0.2886448879424551,0.2660975375024389,0.0329416879893005,0.3761393889791788,0.2887946724991393,0.2574269318604261,0.0546205768597869,2.182723651484991
19,120.44802069842022,0.4691201235181304,5,0.2367508606643019,0.2148973728062133,0.1769900861130965,0.2142347585743573,0.2295291231384415,0.2138385083388081,0.1282485859005741,5.125014011354763
20,260.1018602747347,0.5998168622526096,5,0.9780057143503768,0.9760283023194736,0.9721332528607624,0.9752636821105174,0.9769814012530498,0.9757774286770056,0.1357538737240713,5.424937047422145
21,56.42938223441932,0.8299475912568897,6,0.3186190094572984,0.3111485292462888,0.2873245684460931,0.2917469114119032,0.3057009188884741,0.2991492638897619,0.2176405750118146,8.697257662081274
22,19.005581349738463,0.2520359720876651,4,0.5378830518494311,0.3700320518250963,0.1486081876226674,0.3832344632366767,0.4686696268266619,0.3559233768850093,0.0307321319187739,1.2281040416665745
23,40.91832550690632,0.7861671464530526,6,0.8851305452918098,0.8844657478118715,0.8660253864701805,0.8722939887600378,0.8984021943949666,0.8772585277162513,0.0765534108262903,3.059193989132156
24,11.467800779584469,0.2959901306616843,8,0.9128210157575704,0.8086881001919629,0.7465861141060784,0.797476027083354,0.8537771491311841,0.8124588214915175,0.1143450788771459,4.569408132337268
25,353.8444346972757,0.4789219654072865,6,0.9767041248267122,0.9402451227063332,0.8790064776838289,0.9564993944821976,0.9764076834579924,0.9668412858488228,0.0172212067089714,0.6881863457296586
26,138.95980855567018,0.1936657393188336,6,0.6725180921698142,0.6709355652120039,0.6432645096011844,0.6702721851905628,0.6841584647280735,0.6696804120252426,0.1746754294950006,6.9803032705197054
27,271.8530275019222,0.9443742395754124,4,0.504529953700973,0.3324303077210118,0.1344800213712537,0.3697742651628045,0.7695584675735155,0.430374847633433,0.002371994251905,0.0947885989580504
28,84.1831992102088,0.6897423395052663,8,0.4193373569890284,0.3899609751336885,0.3799810049274801,0.3862680563927418,0.3937615668052084,0.3849386681783483,0.2222773548857245,8.882550635524108
29,107.60866755095644,0.9105792351203678,4,0.9636539560220888,0.6723176536542977,0.724244504425571,0.7379827124609541,0.8856303098623395,0.719021142360052,0.016661376265266,0.6658146458951574
30,38.43139151791417,0.7770124462629501,4,0.7164407767834831,0.4419168897260282,0.1687228580564845,0.4295064534846342,0.4594571973479677,0.4459949278512581,0.0123991565025675,0.4954896801271833
31,15.40268023698838,0.4031094399270178,4,0.939454242923372,0.9321461909031774,0.930820334608764,0.9326423284173002,0.9369615683232512,0.932856214580444,0.1396946845530337,5.582418009670048
32,668.1510335035726,0.1548799519444543,7,0.2083471629772564,0.202166485035261,0.1143000577622668,0.2049687225476701,0.222412700317355,0.2013462660968514,0.1187006697193262,4.743464352428524
33,160.99679709012796,0.8428631620714252,8,0.7390975789496712,0.6726717503630915,0.6413336144092306,0.6536429418704095,0.6869039756985423,0.6619946992609612,0.080066094725073,3.1995663298664083
34,42.50327485059843,0.6571920917583647,8,0.5474952967683496,0.5200682973306879,0.5068206267947193,0.5088084373027264,0.5222591195153167,0.5127698906250486,0.2237859063198966,8.94283470947854
35,273.9449489485184,0.5007170282853667,8,0.4545547343131318,0.42526774488143,0.4161470020475257,0.4252911944389624,0.4323601464172567,0.4209154151683892,0.2932420877046839,11.718412313493996
36,40.3665997489647,0.6042513645341341,8,0.612627999918097,0.363795547982803,0.3725331145705943,0.4110443046214102,0.7755645882712171,0.3892540024733422,0.0135545744689742,0.5416619885797498
37,249.8221253572996,0.7377227452113418,7,0.8392143802274075,0.7712852092437543,0.7435034056949766,0.7805428095371731,0.8396250468396274,0.7778768210205464,0.081562230950993,3.259354272687705
38,931.976237317928,0.3101024934663832,6,0.262770149823563,0.2090049712749976,0.1672914691123364,0.2102318168711409,0.2174988713774492,0.2078277239684656,0.1142851311914098,4.567012529086227
39,115.41874673525996,0.5584280139568377,5,0.999353815061824,0.8551758402453027,0.9895989846848696,0.9909701787335568,0.9994356268841414,0.9878054678111868,0.0095173954697325,0.3803300035744641
40,50.7942326522589,0.6541893136003376,7,0.6130457942687219,0.2765858909304696,0.0722929949772893,0.2721880963765062,0.3472089889229517,0.2745920886905985,0.0105132270354547,0.4201249899397067
41,87.69270784524758,0.34869586805143,8,0.9057008975944636,0.8913927918997538,0.8859352914534443,0.8915791213012353,0.901302189456876,0.8913322436197936,0.2085948910631052,8.335777988415611
42,48.6484381789584,0.930787302257726,6,0.3952451841390471,0.273519650596665,0.2216671865365572,0.2234614392724756,0.2884639405582447,0.2450015943768098,0.0598625417783484,2.392200765528848
43,906.5520662336886,0.2631728975115422,7,0.905779245954816,0.8138275339903495,0.6901505090000919,0.7797573581815611,0.885011713556243,0.859951208118036,0.0235672341990385,0.9417835263508424
44,214.15130492828192,0.9090813692230464,4,0.4079359031415557,0.3272637431505503,0.2747091940225037,0.2849449597387385,0.3355477634332309,0.3027908932289563,0.1080636569388398,4.318392690576319
45,15.041257300473328,0.5645932009714324,4,0.9868679854309392,0.9642792230337416,0.9565673459098094,0.9670287494158112,0.9760286667321736,0.9683707039398024,0.1001689456945717,4.002907685744903
46,29.284182288072877,0.2849752923823846,5,0.3820699495623615,0.2508498596717248,0.07120035463199,0.2666605006684189,0.2928870869855076,0.2112340105457617,0.0239918165135158,0.9587504994787512
47,15.556456130802712,0.0746401051005947,8,0.5560105794973073,0.3936929293415525,0.1482094185135755,0.4202389829563966,0.3962215302837475,0.391905426021149,0.0646498119280511,2.5835075656863853
48,157.40837461956292,0.2496062378108125,7,0.593494516591011,0.5820745709310052,0.5810873617368113,0.5822243049675713,0.6123306961265281,0.5822285040072733,0.1490608169356702,5.956703303781931
49,12.467591457452125,0.302081395804646,8,0.0875964140720009,0.076879387560734,0.0678745128488839,0.0770270068610869,0.0782440508643761,0.0767629819816022,0.2095858471565103,8.375378143284335
50,31.899798165643908,0.073340402666634,8,0.27562160959113,0.2687612410516108,0.2588948109124039,0.2654287387773575,0.2791581388461346,0.2692168341858076,0.2431553361191295,9.716867408677151
51,363.8699418670946,0.239435585659002,5,0.5430603616867355,0.2925907323652469,0.1781006087502544,0.32874472850613,0.4625359592420799,0.2581192239201787,0.0080849407989499,0.3230868752636024
52,19.09366585052832,0.5259820550813477,4,0.9993488939739144,0.5296308589380274,0.3191977363997865,0.6535113421357419,0.9394474355285508,0.6535030332654457,0.0034355640139841,0.1372905095594996
53,771.3922728142618,0.1491200671474586,4,0.6959045549850802,0.6578505959824195,0.5693036890005503,0.6584412667796294,0.6769482314222152,0.6579783379966013,0.1451557193014084,5.800649496632513
54,13.736918996711722,0.1429482590729311,7,0.962144685527617,0.9532788695503768,0.9369606868126832,0.9524224012160404,0.954453755241838,0.9534023523025124,0.1937702197640792,7.743360944689809
55,54.11994510394365,0.478203016510425,7,0.9764912564260088,0.974132550669094,0.9638897027854674,0.9740747171560736,0.9750931995479736,0.9744908943975344,0.2118334172339962,8.465194557693357
56,539.8730382545974,0.9471342080642488,4,0.287880889717632,0.1552198144179205,0.2802571206083596,0.3072959376436445,0.4088193172275243,0.1654568675517877,0.02250332605709,0.8992680935607495
57,122.86986370308324,0.0416936758166874,7,0.9425398424251884,0.9151943673095524,0.795857130204839,0.8714163980738727,0.9305918746105348,0.9235932205869996,0.2121318416612504,8.477120064397695
58,65.6785030779881,0.8964116138370102,4,0.2345606109064435,0.2147030189591967,0.1819364574750326,0.1959873973726031,0.2231210226763245,0.2037186676309996,0.0511205028584223,2.042855221967348
59,84.022408150437,0.1150759396918496,7,0.4489347124450919,0.3525557067901427,0.3673402251380044,0.5000340715237833,0.525140454165572,0.2588213933500577,0.0112199071045812,0.4483650304078737
60,203.07284997673568,0.4974315041238076,7,0.8835005792086199,0.5232126882523029,0.0908741025522292,0.452562613473029,0.5536960499433198,0.4566001278108021,0.0119206813794596,0.4763690661041054
61,10.34237421253908,0.1138975351705647,6,0.7060383735750186,0.6683934954395306,0.6217665132466501,0.666623341744842,0.6911708777413319,0.668898977927046,0.1858085171120171,7.425198858460691
62,50.60052444017072,0.3185041513013147,8,0.8431990285985342,0.4450248440381102,0.1368681275268091,0.4518717908109265,0.5650320141609824,0.4303318756657719,0.0165799984910757,0.6625626628030025
63,271.4115146866796,0.8221092541596617,6,0.8487229974760758,0.8223476763747947,0.7894802123491268,0.795783441473852,0.8183269712859237,0.8075032273656516,0.0877951465426953,3.508431324998022
64,893.2594997497705,0.4864857215555903,6,0.9872344390883224,0.9798798671243838,0.9712223768709471,0.9800963623872132,0.9825630717860496,0.980178194345601,0.1850442939003484,7.394659304046865
65,393.62882722847576,0.3491984186748545,5,0.9794504849972556,0.7141143029246595,0.6531212165537834,0.7060291720169586,0.9733809499732718,0.845487792147852,0.0092092811502511,0.3680172736261822
66,32.71608868737658,0.163225961438813,6,0.9138586931484532,0.9085177115743528,0.8753651488280568,0.9062531025111368,0.9192666092415694,0.9093364194209544,0.1504252766835055,6.011229248660521
67,609.1329413755983,0.565962454119856,6,0.8346457018848443,0.7915148032957275,0.7800705967827058,0.7900302115180912,0.8054692140007155,0.7903523513080531,0.1777397935366598,7.102760048807728
68,95.24330584341553,0.2648629010025901,5,0.8789349219380016,0.6892615172538769,0.6477588030033898,0.683876994119083,0.8518156524478716,0.7306121036569792,0.0204140111917176,0.8157758048624046
69,18.513571521439097,0.1788018194322457,4,0.4669292905530099,0.4207731455743884,0.3857105892074924,0.4222633308063627,0.423878383470757,0.4199013731249058,0.1946119714397658,7.776998657742693
70,59.64473103546059,0.4622273001066938,8,0.7140791136951715,0.6775923052709798,0.6554729286858842,0.6777386508215708,0.6831829898810603,0.6749384220091589,0.2116839997629969,8.45922360193556
71,81.29980482896072,0.4981025626201815,4,0.8268594076638971,0.6623107921543379,0.5338496055773729,0.673543006079885,0.7265313423933725,0.6802941414355381,0.1091161246674071,4.360450946560426
72,193.9135605833003,0.335893581982132,7,0.4522064932983246,0.4423844111737145,0.2353246514357816,0.4462232778679306,0.5623145611535448,0.4407786828114058,0.0517038437449116,2.066166435854504
73,508.3445876371816,0.4967276518865037,8,0.5202750748583016,0.1854402002887721,9.299804926476972e-06,0.4240085842778495,0.3271818703867775,0.284039962416793,0.0049358856238726,0.1972457068680929
74,957.8360489656862,0.8060445120790345,8,0.2500354203160326,0.2493734205966991,0.2544973952316751,0.2655942478986219,0.2788813878997082,0.256223203377834,0.1234030727192832,4.931379728591208
75,315.0526652866886,0.0695885067393359,8,0.2970709804808091,0.2808890159562159,0.0816002006213736,0.3219177617666152,0.3074259515895978,0.2766901143318194,0.0599760322022426,2.3967360203117987
76,109.84179218480664,0.8030428770303094,5,0.8979003667437528,0.7111104844103717,0.7079496896589608,0.718144154120492,0.8086433348414817,0.7170674998443576,0.0621537462589375,2.483760878909065
77,205.51274441271605,0.6271003561634259,7,0.9330412307313564,0.8971836947623443,0.8811725258452276,0.8949013802391703,0.913956642159158,0.8965543596396355,0.1504202755882506,6.011029397074842
78,41.05776653582944,0.5313760955545865,4,0.8642346083079148,0.8572470512803108,0.8543073406731493,0.8555179121528794,0.8610326546489292,0.8557771368074026,0.2007174605015079,8.02098354668228
79,627.1103975342703,0.5528990207567271,4,0.3454798153585801,0.141523158682479,0.0637073499827046,0.138565108997093,0.2022593299195294,0.1336803623585344,0.0418400235117808,1.6719927570938589
80,90.32112676697732,0.2200458204582734,4,0.5211201103325542,0.4888076049634782,0.2379342683169427,0.4923210690803984,0.5913777566449823,0.4871835559296116,0.0450701582586883,1.8010739919489769
81,262.39557119746894,0.8432249313435967,7,0.99442319669241,0.585932794387294,0.2570398158591571,0.4202582496328004,0.7335093933195096,0.4401651428497625,0.0026434036040688,0.1056345410234894
82,504.9319443896344,0.0979009262117436,6,0.9896178160981954,0.7806838262448785,0.5000519385052323,0.6474613174109166,0.9713852149189328,0.8726986394750522,0.0139967682265982,0.5593327425115989
83,16.998421828648624,0.9552227389194404,5,0.9995048459509112,0.5991837053134721,0.2630696577769789,0.360280283511041,0.7230558599302666,0.4233415556676794,0.0007870957124365,0.0314535753060217
84,175.2698325883774,0.4854773934593085,7,0.2084706200922069,0.1855004153546699,0.1833606964292401,0.1852142625277525,0.187392206166354,0.1831007580553521,0.1802830085689821,7.204390897857749
85,23.2546730694886,0.6152902459086241,8,0.5088911880776223,0.3971259158577921,0.1058237394201455,0.5311486916205855,0.8225441527267471,0.6692103492227525,0.0033079034121672,0.1321889923114525
86,224.34737554679768,0.650369547171713,7,0.5174480436990093,0.304811068477346,0.0351975101804422,0.2203607317063475,0.4937361325570544,0.219970272021184,0.0122954081726954,0.4913437346532793
87,293.7094393293922,0.123825371720343,8,0.0300115783635315,0.0256852556282931,0.0005502651933264,0.0676075829112857,0.0351996265914152,0.0186848206197836,0.0217317927556224,0.8684364165291298
88,19.092226700778586,0.6518188600889284,8,0.9531115674034826,0.93469892440509,0.918678362462194,0.9340255878261,0.9507839021413604,0.9360036008006392,0.1340480379403584,5.35676918240294
89,929.3753371483012,0.7393149793680376,7,0.5454513223873729,0.5013216236106034,0.4829130395187702,0.4958362372275682,0.4997066972342509,0.4980702941041202,0.1219549627569777,4.873510990353627
90,413.4711558517564,0.0619163597611594,7,0.6104436610081606,0.585822230159203,0.5045081463717577,0.5878942836021082,0.587025846487468,0.585522896818612,0.1784652115373876,7.131748886319881
91,40.0925154527575,0.815763151748997,5,0.2322856539669283,0.2180359440580504,0.2010720445876246,0.2045815557762208,0.2236372996578019,0.2100400702706669,0.1207513308345213,4.825411976834014
92,211.96016106606567,0.3640362406570493,8,0.5047461274409343,0.3797948682490382,0.1489299767910732,0.384841270961477,0.5030406477484703,0.4177239820116722,0.0026000561280747,0.103902308108273
93,77.42821003944042,0.1909268954762146,5,0.948808478179854,0.7261271460213332,0.3309564371471751,0.6947602884242692,0.9075288159546496,0.7829151728760817,0.009043232703615,0.3613817180791341
94,276.1131769828077,0.3429189920821271,5,0.9146214788009382,0.6570617038347932,0.3111384556612606,0.6668207933261449,0.7674088266369603,0.6835532230405357,0.0206973806129885,0.8270996899891259
95,273.4697764623185,0.2006198792263907,8,0.7230934126331833,0.5053299889332058,0.3984424467592511,0.5983428137910008,0.6733509169229461,0.5216651587363899,0.0128757262899179,0.514534153954386
96,75.61496094325194,0.0660873971589632,6,0.3289278576304205,0.3109306133607403,0.0157889458496102,0.3297438511262248,0.335416705437608,0.2797087009242867,0.0190969402099021,0.7631435891669647
97,79.86919515309451,0.4247397381298649,5,0.857357656613886,0.7072463831708238,0.490419493121464,0.7282285091192815,0.8474549991928828,0.7531591986856446,0.0214358848183408,0.8566114726984589
98,38.01701524064537,0.044694935662043,6,0.7169867755889351,0.6945819331351127,0.5258337963229328,0.638124475078356,0.7305734854323157,0.706510077982369,0.2155963667655086,8.615567904405799
99,166.72376170013277,0.8529444711234107,6,0.6648982931464669,0.5841934288426729,0.4893258769627772,0.5821423317232408,0.666911563844678,0.5819977237492082,0.0386773666151312,1.545608042637802
100,10.477112046501247,0.8846552237023873,5,0.9996637470498854,0.6328008682778171,0.3843024128551944,0.6988757554328248,0.8875071107128529,0.6688633838958822,0.0006514424561571,0.0260326590890056
101,33.45968521446371,0.1631950665378565,4,0.4059988522535585,0.3971818940096685,0.3457874231750394,0.3983847825377187,0.4162510896351062,0.3967782513698704,0.2066285217972988,8.257198798103383
102,44.11831305090349,0.0461716496308416,5,0.9840039957430397,0.9397631305800784,0.589366434340519,0.7324789861659684,0.9694428324237304,0.9511636977340971,0.0320706732544544,1.2815942462717214
103,121.952960168292,0.4793607292142661,6,0.4723384865956982,0.36362864035055,0.0593340679425908,0.3384381383478995,0.3769096522858116,0.3001913559934865,0.0139011676547551,0.5555123941876775
104,41.46472765191945,0.8581670641803498,5,0.5364009805884997,0.4672156152788753,0.435187710710659,0.4389471631252915,0.4478756419631735,0.4477172820858418,0.0590574481402852,2.3600279649747318
105,235.423189202393,0.6103520761905682,5,0.9964669505592264,0.5457201427703913,0.1789139874195227,0.379060000922606,0.7092030534780132,0.3837306421940336,0.0020996700713493,0.0839060989197204
106,12.308388118549384,0.1986765047051369,6,0.9710771842575242,0.970556352216758,0.960230049665048,0.9698242224531608,0.9734088174812744,0.9707045687498068,0.1709766316335562,6.8324935248451615
107,75.33817406543506,0.4842536965008225,7,0.7087710762058933,0.6961626401349835,0.6923055861093375,0.69542881955744,0.6925092078188372,0.691607409092045,0.2635753500573966,10.532883092677205
108,41.06267421532226,0.9528361030497808,4,0.1684196412020887,0.0926405422281841,0.0286684108754617,0.045972957517357,0.0890739259802384,0.0659153883468245,0.0780097322428812,3.117390869921552
109,12.49603418832098,0.8844935391877127,6,0.1880603792250655,0.1507557928751767,0.1710964254762857,0.1816281991478895,0.1749155035414952,0.1641659877686113,0.1195986183596817,4.779347784054645
110,10.42217671436261,0.7230182581088763,7,0.9014047758433876,0.8827419045154256,0.867726254065646,0.872900908849995,0.8812269797486475,0.8773229243699431,0.1182363670558859,4.7249100920526175
111,97.98106171768866,0.8908977348419456,8,0.7998108751914956,0.7963744026185423,0.722043638472277,0.7805208445512088,0.792907762554235,0.7920221535777874,0.0341170168299971,1.3633693350421463
112,10.975330632421766,0.4479483820312919,5,0.9850013667412338,0.7180700357378846,0.6284124652989072,0.6905245692085551,0.9794667782862688,0.8084999974338204,0.0049603136194178,0.1982218877636504
113,19.40580566393405,0.7076992806489807,6,0.7376000301224876,0.7124443832933569,0.7297640201785891,0.7326903451513083,0.728189811250678,0.7199837556359001,0.1777565897006158,7.103431249780488
114,951.7659427928158,0.9508711965002437,5,0.9982423773893292,0.6891521816815798,0.7167236902040726,0.7894526228989429,0.8714986816782575,0.7551431754748685,0.0014810604115032,0.0591854897059221
115,300.4114805857155,0.6226388485310282,6,0.8207947444116337,0.5162436064027995,0.5222719903443998,0.5301550656356717,0.6054136755337366,0.5318294151719659,0.0226112447768788,0.9035806943361973
116,33.97676139391326,0.1160879469563973,7,0.0635327880846723,0.0577277352254619,0.0560779213465217,0.0581693733664614,0.0593729121830732,0.0569584356054458,0.2420311099618541,9.671941573686516
117,25.84298360609117,0.7336654158986508,6,0.2131280401053032,0.2040904956029101,0.2043797672224847,0.2054309509575346,0.205105143066692,0.197578457445945,0.2469319187874733,9.86778555685308
118,14.86212739516544,0.6066685864129385,5,0.7602695850769534,0.4304659892224372,0.0200012954551231,0.3935306049627285,0.4432018637775831,0.3713752235988509,0.0125020721732087,0.4996023512363465
119,532.5559840276251,0.6937825299901179,7,0.1816261529180313,0.1807234894403507,0.1614952398182266,0.1805418309666885,0.2046777475617902,0.1799117740754034,0.115023387946561,4.596514423298452
120,76.62430102109747,0.5074579019092522,8,0.803819028439046,0.7046541549198181,0.598287181219245,0.6985913243494659,0.7908899114848693,0.6919320207901795,0.2101128768942303,8.396439075623118
121,541.0497012340967,0.0683784490438361,8,0.8209547021432317,0.7999188774795819,0.7805410283141843,0.7952132217958213,0.8016697358212099,0.8011227838403571,0.1593603065729538,6.368287013108675
122,218.6423177701276,0.0678232768801619,8,0.8779768599378258,0.8417376456007846,0.5067807895416456,0.6296955792471011,0.9159257637397324,0.8670100115161469,0.0207994064471638,0.83117680184185
123,233.53047204558055,0.4039663015651338,6,0.6074625930955395,0.454829931928982,0.4341218847462093,0.4365420701453845,0.5493602793988114,0.4260265873857954,0.1445257605693631,5.775475360749375
124,556.5429329716828,0.5419015975420098,6,0.8296103257784587,0.8266520475088039,0.8220426161585254,0.8339342971835665,0.8310548472329178,0.8299567320827622,0.2141633102567363,8.558300725708163
125,47.31461931785028,0.2737529925918075,6,0.4937118247574596,0.4281182114836281,0.4257813823467841,0.428278690797245,0.4395334423798424,0.4275700997931939,0.1490013776531455,5.954328017117951
126,108.17900755211264,0.5803053761468616,5,0.0194647287573133,0.011744148339915,0.0085241931637449,0.0114933754638376,0.0135968248403297,0.0114144222812982,0.0908154970991698,3.62912925560226
127,229.6274246954722,0.8013974586667842,8,0.8144571969997243,0.5150632043292906,0.4069728258533922,0.4735567867058163,0.6124423899290861,0.4820349522962551,0.0463859030536468,1.853653211144124
128,293.61780981181994,0.2358518373144387,4,0.86345296081217,0.8263485060801856,0.7792472594543964,0.8253747423545968,0.8338445165469237,0.8256574481266616,0.1532523786588357,6.12420466381503
129,107.77902428785016,0.0570766468247059,5,0.2509806272032924,0.2451269889141452,0.1811250995208265,0.2329489090056103,0.2549017361621089,0.2471751200694873,0.1982905878629944,7.924001921592097
130,817.9990735573224,0.927614341765528,4,0.999965928534315,0.685650772880549,0.6121138733431408,0.8256931860616509,0.8878238611627043,0.7647193606831725,0.0002065632879716,0.0082545919524367
131,411.5036996573924,0.3816122359674447,7,0.3937389848484384,0.3841161193534604,0.3492110441333578,0.3850457840456134,0.4215806719041274,0.382209838414991,0.131304110133863,5.247117537079432
132,754.3321927796728,0.1943395736983372,8,0.1329156695097751,0.1121901725196002,0.0461249292418145,0.1646846139736482,0.1774512984559809,0.07719175556157,0.0182612773628782,0.7297491952273273
133,158.73944103042038,0.7684806738317866,7,0.571311178538782,0.5176108249433321,0.4486787095579641,0.7202465541313312,0.7787886888197031,0.7114463083222377,0.0101907426397973,0.4072380092795846
134,420.4382012230555,0.8259290401827292,4,0.999291977897491,0.7933231151194069,0.733902774106147,0.9016877347624492,0.9892161565060398,0.8858654036735951,0.0125173539114474,0.5002130333896136
135,32.548004336386924,0.4878784791849704,4,0.8807863788423771,0.8439007950084848,0.8154921511219598,0.8426802256770878,0.8566904719796817,0.8422184702637109,0.2342585335563053,9.361337267969908
136,885.5623057351937,0.3343987013341974,7,0.9706473931700438,0.542385456704917,0.0003268171006115,0.4259981734386611,0.5233066548250473,0.3513717121326242,0.0058852456364689,0.2351836173114022
137,556.8038742114051,0.3080495231479621,4,0.7728255258791402,0.4844951108985891,0.0022100518237324,0.4611974559478136,0.8022772275936703,0.442712375428628,0.0124699479152362,0.4983186156609603
138,164.16864455747492,0.2645580053814336,4,0.8946791456743182,0.7430286872377969,0.6934093034941922,0.7346009509287322,0.8710680929413557,0.7825718519414127,0.0225677440095895,0.9018423356611536
139,104.37508591245614,0.0654518116181944,4,0.3069686295555948,0.2447248579542214,0.1206331156503899,0.2758988202579684,0.2628432487566388,0.2407740985834206,0.0892828795127168,3.567883460574892
140,52.36010532418624,0.5118526990051745,5,0.6191738743728823,0.5798968959753387,0.5731662730669691,0.580113875531357,0.5825635741106978,0.5700549411720197,0.2014939414343203,8.05201293879814
141,16.266741142391556,0.8833396162839238,5,0.4509459905234705,0.3898369682840919,0.3592703593910996,0.3594208891575424,0.3874697445189842,0.3722795825004546,0.0932766618402049,3.727481246725533
142,118.37574166457944,0.7180668182585106,4,0.5018327177643639,0.3037137395156811,0.0070062435480245,0.2025119806439345,0.5481935592267486,0.222975895863688,0.0016099693952662,0.0643368942483999
143,160.7020026772924,0.2731093081278012,4,0.9313845651854356,0.6107309983198179,0.5445209959169737,0.5896814723139947,0.709379567158986,0.6662156909570013,0.0139538999496682,0.5576196591402226
144,18.552581528541506,0.4396014752309725,4,0.7861586621954284,0.3926276031545502,0.3396080165846308,0.3809407817198278,0.4141285064162537,0.2978191769343987,0.012403230408131,0.4956524797631207
145,55.19333119539971,0.4229393439822255,6,0.12456533634104,0.1178264166381062,0.0962952774501323,0.1175183286342006,0.1168561862496994,0.1137025233844579,0.2011793257084526,8.039440402485617
146,595.6572719087868,0.118654436708539,8,0.945965456655372,0.9384575552189413,0.9048698828476726,0.9333624006894794,0.9416878190113694,0.9396504924141584,0.072441557432925,2.894877898583152
147,122.80067729512852,0.3958731139316057,4,0.9978173274362788,0.69765300370632,0.1383336253226401,0.5907523482055239,0.992453671578507,0.7646089106837067,0.0016932098606826,0.0676633133942739
148,146.67630550435,0.1552418994943881,5,0.4621505118739332,0.4535638286157267,0.3891419472097375,0.4540775000723049,0.4661812698526061,0.447956051392646,0.2167616882402233,8.662135972534758
149,70.79053330617796,0.8811082531935265,6,0.5761521722957422,0.5323580976746786,0.4784529810492838,0.4871400351756223,0.512131255675787,0.5070547708456552,0.181755568191289,7.263236682736258
150,342.0640813953128,0.4416559784349628,6,0.928304227375096,0.4645980667079604,0.0746967564533993,0.4448566777424482,0.6805084703198999,0.4178204506396861,0.0109679541684685,0.4382965971482779
151,603.4291853229988,0.6183965111744882,6,0.8248332545491477,0.6415962464849093,0.5040819389918009,0.6617861701252894,0.850097426833294,0.666584858604116,0.0531366069447837,2.1234218934702342
152,380.39903637244055,0.3133845611449672,4,0.2247927702136176,0.1683201433274657,0.0503812253143786,0.1738535629207522,0.1098066037708548,0.094557537217517,0.0152490877399354,0.6093773882866443
153,25.767845362554425,0.9037357808819952,7,0.9915118783888044,0.6982765299307127,0.3863367307510166,0.5621935953331736,0.5350820150531262,0.4582448411288409,0.0032328236858777,0.1291886890605377
154,149.13650500255622,0.92590697698542,7,0.9999992963482378,0.7224946080059225,0.9419772858307994,0.9464809514403384,0.9281911969611248,0.8788744336770828,2.9738282004108937e-05,0.0011883882451759
155,380.5429459284001,0.1812697181604755,6,0.8423561124551905,0.8256361175239557,0.8207074160043569,0.8252550299240495,0.8313476644238781,0.8259715336182957,0.1494618108048667,5.972727645755622
156,20.518088209373516,0.064905984700229,5,0.570186190626905,0.4638012757649561,0.0404827288613778,0.4650346610407818,0.5999148766350442,0.4553949480703209,0.035367180463382,1.4133278284835633
157,27.08293984766042,0.6538976404151713,4,0.9517414578974156,0.8392246861369739,0.8179751373101313,0.8679898596754219,0.8935377333059802,0.8720015084846751,0.0310663891523864,1.241461483338432
158,147.24527672037965,0.8522969976498906,8,0.7888961967742394,0.7326272945947913,0.6517944754625105,0.7330544115450851,0.792173287336591,0.7344033675481217,0.0458865378574189,1.8336977971371144
159,153.09329676694168,0.1598387837625946,6,0.5003318793585078,0.4784440922336999,0.4608191023328164,0.4790625184169977,0.4810672539514586,0.4764163017931099,0.163449722894735,6.531706483196554
160,81.79550711159048,0.3913493113908804,4,0.4302726835889064,0.3981948506370854,0.300709114484065,0.3985979580342108,0.3883893616719817,0.3883883597437221,0.0453633462715038,1.8127902433453216
161,65.20596474536684,0.3493588315727007,8,0.7198340786538359,0.6994211964277517,0.69532479357652,0.6998215065057058,0.7149090952576748,0.700124451956838,0.2121864250764384,8.479301303010748
162,129.44471350134825,0.0923410016413723,4,0.8286706345167191,0.6646138335268443,0.4785541616194658,0.6390012259280881,0.732035839830392,0.7032786052003066,0.0214691856276942,0.8579422251065844
163,28.279934715067174,0.7334331822643121,8,0.9139158920087276,0.8961583621110447,0.8941562105484477,0.896896045705825,0.911787110974832,0.8974824483212254,0.0922980808209619,3.6883756191690416
164,65.80632197039608,0.829475615887459,4,0.5003370264728794,0.420319975071225,0.3496232992335774,0.5304074624627656,0.6142733739214387,0.4779248010685222,0.0006502609599719,0.025985444654157
165,15.067577662209828,0.5075472147630596,6,0.6750311232428121,0.4096578953892457,0.0483394503599452,0.3868253855768488,0.8495952178173416,0.436784513948988,0.0119371657590468,0.4770278076859816
166,15.841957048675416,0.0495357763417003,6,0.7811599768516929,0.7651105929877295,0.6991675441652616,0.7448641732256356,0.7718175720444401,0.7695039933273541,0.2576147406577112,10.294687821555009
167,302.7790403703165,0.2476994454794038,8,0.9439263314550344,0.855514571924827,0.8037708936147557,0.8401966808640284,0.8874553017855669,0.8656770224096076,0.0564231366504444,2.2547567590515487
168,110.43716703370949,0.8939004458487863,8,0.6189098898212676,0.5518365782823255,0.5605860238865407,0.5976044898458925,0.7006522193231249,0.602424100430479,0.0192486123801006,0.7692046462300014
169,308.8666677410416,0.3629710284133848,5,0.2496181157503587,0.2351436642908494,0.1675282914043796,0.2382831963193528,0.2955801697153821,0.2291820716618069,0.0664718080900615,2.656317381041293
170,33.87838757607409,0.7607493846531949,4,0.3042608813580449,0.2712248442186443,0.2537621369343814,0.2665315175841246,0.274817577636053,0.2671675392351537,0.2031391754715078,8.117759063274557
171,14.65260571433138,0.4699570031257769,7,0.8806993925952552,0.7723940764282604,0.6233869196937942,0.784318904086723,0.8749773721121187,0.7904333813715564,0.2180301146809761,8.712824276312707
172,342.9958888172605,0.7856589774953547,8,0.3107545168524762,0.2665798187097518,0.2640084940537682,0.2728574304925913,0.296210924966535,0.2735484536300079,0.0800743475963561,3.1998961275064954
173,173.42276643039764,0.0670336007441519,4,0.4283577791959206,0.3492816933724499,0.2407383353782869,0.3742544587485652,0.3723130448392547,0.346150593504449,0.0905452460490615,3.6183296010979182
174,457.5456094036547,0.4624703546781134,4,0.0768305675315841,0.0753609459803447,0.0745332742141601,0.0753636117342108,0.0757140300896001,0.0753595730912016,0.1313586705519116,5.249297856690578
175,238.31108795228823,0.1233851566329878,6,0.3581771104597418,0.3575371827921054,0.2827753423045092,0.3589561551698398,0.365601642040646,0.3566778416293325,0.201649184181658,8.058216681706336
176,600.3789776639982,0.6873983940102165,4,0.5047116119620688,0.1792457644287922,0.0054704974574545,0.1064105407886993,0.1051570852850493,0.0846830384998701,0.0028334765744938,0.1132301541038809
177,123.53143438156545,0.1767413859788334,6,0.5129552874762582,0.3317580506071468,0.0016436199450604,0.3610422262132853,0.320876926778564,0.2635347873863691,0.0076636828202627,0.306252747791509
178,16.264491031501052,0.2702319776149028,5,0.9803620627154386,0.8782608684010937,0.6947845094767325,0.8312460881644861,0.9742608632857712,0.946328175002968,0.0147192396281895,0.588203829315065
179,14.413305602822694,0.9274136839588912,6,0.2326196602071066,0.1811925090585366,0.1289081583716657,0.1426141163784113,0.1689259386799429,0.1589495645249064,0.1149396357706614,4.593167555401603
180,95.82100347815243,0.5058123552570554,6,0.8023756242752095,0.7865550625690465,0.7614088906292544,0.7869024068041985,0.7966248082452875,0.7848943665448319,0.1951097912869556,7.796892317185967
181,85.23571319332022,0.9388282666328136,7,0.8365210584550756,0.7860474409214688,0.7035588843003701,0.7211514577606357,0.8002885719334019,0.7618606803251553,0.0182894825422728,0.7308763182951932
182,30.82071928228034,0.0452307375568132,8,0.2197940718738559,0.1537465400549136,0.0643302780087771,0.1662572122368414,0.189433659649302,0.1601348646519773,0.0830621553099581,3.3192935952283045
183,270.52934003801954,0.6365346740679145,7,0.5414369752540583,0.5190577081490982,0.5080522422257935,0.5180474838315,0.5120862238393564,0.511480873999626,0.2222745739367295,8.882439504454524
184,301.996304687072,0.6942727695597719,6,0.835630387664392,0.8330844115780759,0.8106116731564669,0.830047846270446,0.8543829982275715,0.8316654037183774,0.1246695976785002,4.981992046194071
185,95.5901016504383,0.7442259847577164,4,0.9818454790844072,0.5766969665428582,0.3484082501258143,0.6442927358242688,0.8504924126564248,0.6231791341985352,0.0058908607834034,0.2354080073622697
186,17.44841052868248,0.1868217865131582,5,0.0441889123255404,0.029362182811604,0.0198120670114745,0.034246694279006,0.0345737272879317,0.0266063225180249,0.0937855518061158,3.747817285421076
187,29.415707230988243,0.2838053485378011,7,0.6978586391750705,0.5815746870913583,0.2427902864583877,0.5739362804133641,0.6508353715913342,0.5994861639838018,0.0516621470279589,2.064500169851609
188,13.588062906688725,0.5779975426189269,6,0.7297257610084783,0.3674015295512073,0.0169664507564824,0.3157566397716155,0.4078468043388084,0.3097153712019411,0.0124973901661757,0.4994152509149222
189,114.07422891280731,0.7779085263367747,5,0.9966601404274136,0.9833746903301428,0.9860334801699524,0.9896228460652337,0.9914564212484744,0.9896171322631452,0.062037927266944,2.4791325709040235
190,126.68973236535348,0.0536527441050179,4,0.970673235085536,0.9621016053506508,0.9368838360796672,0.9560277676952864,0.9660393655008932,0.962592643505404,0.1808278056189789,7.22616183977481
191,128.0358112920881,0.5631345226385632,6,0.5031879695630587,0.1612318891454084,0.000429086286469,0.290739629460866,0.1663648657732054,0.1331680585408528,0.0019920482254698,0.0796053616898535
192,25.197476061139284,0.6332879720658668,4,0.9921686797232316,0.804422886395976,0.4969430861779816,0.8694550834209503,0.9910563767459394,0.8448372063761549,0.0031557184263018,0.1261074423325457
193,11.751395713512942,0.6609563550551186,4,0.9321141783915888,0.9306465585659092,0.9199969972068678,0.9262782761524206,0.9286760905484874,0.9282278328707924,0.1273694149881877,5.089880967097657
194,36.28774924124168,0.1146591118294154,7,0.2982859089683625,0.2778578956403996,0.1619195610256963,0.3287397269640473,0.3457139495133985,0.2549504316012476,0.0214824993276302,0.8584742613722063
195,209.72908016839148,0.1584027550340611,7,0.4256218523652941,0.371158087580038,0.3374013644022661,0.3729979854236007,0.3790924248231461,0.3676930742048668,0.1759870980008137,7.032719594827097
196,511.7646099629058,0.6629581595099201,6,0.6302332333351398,0.6237661597026426,0.6082081231943508,0.615746288098513,0.6199217065939348,0.6152374500075347,0.2274667470460217,9.089926859949031
197,373.7665445950453,0.3232193430863218,8,0.5008563260603588,0.2521663257273442,0.1355080142805282,0.2084012719948109,0.3933825566078541,0.1518176610861735,0.0014215275587776,0.0568064638304126
198,261.7454814558934,0.6792581958434795,5,0.8538514178855587,0.8488172898220524,0.8537540710773741,0.8609641921782533,0.8576236356023148,0.8543716467376591,0.144561898298181,5.776919480894873
199,644.6227424178377,0.927714106322206,4,0.0959415305338762,0.0580092853640762,0.0356187505003202,0.0421982672520785,0.0521406587679847,0.0465602392956892,0.0410733380889142,1.6413548088708745
