arm,iteration,q_rank,q_true,q_hat,mu_used,mu_true,p1_true,n_true
true_mu,0,0.48955842879157346,42.04001903728689,42.06168731024114,172.8035993400008,172.8035993400008,0.5138068538537492,8
sample_mu,0,0.5882482887134475,42.04001903728689,41.831194704450766,171.85665796772415,172.8035993400008,0.5138068538537492,8
true_mu,1,0.2053098134694655,405.56777942532847,422.6772162871208,751.007863719559,751.007863719559,0.30862406639884127,6
sample_mu,1,0.2486865978338573,405.56777942532847,415.541183694737,668.003131346057,751.007863719559,0.30862406639884127,6
true_mu,2,0.009641671121391903,440.37759626306575,484.4753878949786,774.871640808611,774.871640808611,0.43989047546013815,4
sample_mu,2,0.008304459091091744,440.37759626306575,491.59824034769895,806.1877081899041,774.871640808611,0.43989047546013815,4
true_mu,3,0.7541748145071491,471.67492248322947,450.654363996367,176.17164100937413,176.17164100937413,0.04668778024117817,8
sample_mu,3,1.0,471.67492248322947,416.35911625184883,136.61106008510956,176.17164100937413,0.04668778024117817,8
true_mu,4,0.109212499555471,470.0511193382699,585.7613825227918,1245.0046605994592,1245.0046605994592,0.3783797151838524,7
sample_mu,4,0.0712807487577849,470.0511193382699,599.4869076048182,1444.0059033950859,1245.0046605994592,0.3783797151838524,7
true_mu,5,0.07136036313744507,138.3322860291453,171.7025074874221,203.38598560881658,203.38598560881658,0.36756781704230107,4
sample_mu,5,0.05597485905806367,138.3322860291453,176.13215659834592,236.4406065927316,203.38598560881658,0.36756781704230107,4
true_mu,6,0.5412655636408352,912.6703048109941,896.2717267805004,834.165781413564,834.165781413564,0.13056909989704993,7
sample_mu,6,0.6228447096591041,912.6703048109941,870.4074500710104,751.5049721622325,834.165781413564,0.13056909989704993,7
true_mu,7,0.9532672354522785,553.9336020824989,458.04257526043006,1314.527720944452,1314.527720944452,0.3390111625556667,7
sample_mu,7,0.9522920442019347,553.9336020824989,461.5033304530105,1324.4596767969465,1314.527720944452,0.3390111625556667,7
true_mu,8,0.8528949704518777,268.9297925388541,233.48487170220423,878.8778998302705,878.8778998302705,0.5446761721297534,6
sample_mu,8,0.9323900785434894,268.9297925388541,218.2439411535719,781.4053550517453,878.8778998302705,0.5446761721297534,6
true_mu,9,0.6828079867766476,18.91235962762073,18.26131635847671,66.56216847419294,66.56216847419294,0.7039012559488517,5
sample_mu,9,0.6689557488902647,18.91235962762073,18.362280492436764,70.36514858272928,66.56216847419294,0.7039012559488517,5
true_mu,10,0.7309754561563057,100.77876071841568,99.87922443980733,577.6138579272603,577.6138579272603,0.8187862683560618,7
sample_mu,10,0.7161851711741533,100.77876071841568,99.81478811396042,577.2412147177054,577.6138579272603,0.8187862683560618,7
true_mu,11,0.9192688402836906,175.98073759337345,145.28019594738925,86.17843436973871,86.17843436973871,0.06995768445072281,7
sample_mu,11,0.9852875393198296,175.98073759337345,139.1838902099023,52.62118972145729,86.17843436973871,0.06995768445072281,7
true_mu,12,0.4434041848261552,159.95550705188143,160.41017715368218,778.6095492450611,778.6095492450611,0.6953804695849576,7
sample_mu,12,0.37160282085317986,159.95550705188143,161.08626370137745,781.8911829387093,778.6095492450611,0.6953804695849576,7
true_mu,13,0.6050344886632629,37.75667093224563,37.558249033938466,140.6593987114569,140.6593987114569,0.9313546138897566,4
sample_mu,13,0.5364098994935104,37.75667093224563,37.68814603310473,141.1458759639145,140.6593987114569,0.9313546138897566,4
true_mu,14,0.5217025846909613,186.89814351027192,183.10858094698347,672.2188544406406,672.2188544406406,0.5994520525237279,6
sample_mu,14,0.5483251339817318,186.89814351027192,186.64064285246982,651.7373403881976,672.2188544406406,0.5994520525237279,6
true_mu,15,0.2816768710173898,386.4575109736077,406.54072409831065,2172.3166185360765,2172.3166185360765,0.9368501309338981,6
sample_mu,15,0.35114316363232995,386.4575109736077,400.0548971126496,2084.8309911511246,2172.3166185360765,0.9368501309338981,6
true_mu,16,0.4201440527214269,71.66807617990827,73.60395556819601,46.63912726122565,46.63912726122565,0.16269143022671462,4
sample_mu,16,0.39854618354037363,71.66807617990827,72.44790383590063,56.081229372965865,46.63912726122565,0.16269143022671462,4
true_mu,17,0.8432296987717212,11.165483643283768,9.546638324369047,39.43527526586615,39.43527526586615,0.7063782730018534,5
sample_mu,17,0.8863528954302764,11.165483643283768,9.195766074056161,37.04712553533339,39.43527526586615,0.7063782730018534,5
true_mu,18,0.26609753750244614,229.48578356224397,236.15291030617144,65.85843012048383,65.85843012048383,0.04783043572328079,6
sample_mu,18,0.34013717464808746,229.48578356224397,235.74659374675102,58.012886279130996,65.85843012048383,0.04783043572328079,6
true_mu,19,0.2148973728062117,120.44802069842022,134.41572052412465,282.5229517377861,282.5229517377861,0.4691201235181304,5
sample_mu,19,0.27098097674964194,120.44802069842022,131.6223001953055,263.1464628226087,282.5229517377861,0.4691201235181304,5
true_mu,20,0.976028302319471,260.1018602747347,188.8416238299997,780.0674084802902,780.0674084802902,0.5998168622526096,5
sample_mu,20,0.9710703202879287,260.1018602747347,199.9301575477302,805.4617293785357,780.0674084802902,0.5998168622526096,5
true_mu,21,0.31114852924629344,56.429382234419315,64.24370618170735,281.0005791694238,281.0005791694238,0.8299475912568897,6
sample_mu,21,0.24971543389045994,56.429382234419315,65.49434322588968,293.72994523092996,281.0005791694238,0.8299475912568897,6
true_mu,22,0.3700320518250875,19.005581349738463,19.272316916251278,19.160360682290126,19.160360682290126,0.2520359720876651,4
sample_mu,22,0.44201709991811194,19.005581349738463,19.301938528087806,13.860829264750588,19.160360682290126,0.2520359720876651,4
true_mu,23,0.8844657478119657,40.91832550690633,35.228740847638356,193.01185920841024,193.01185920841024,0.7861671464530526,6
sample_mu,23,0.8881848700628243,40.91832550690633,35.0570684555299,192.07129741771453,193.01185920841024,0.7861671464530526,6
true_mu,24,0.8086881001919628,11.467800779584469,10.902782902835385,27.154846809210973,27.154846809210973,0.2959901306616843,8
sample_mu,24,0.8063720618983449,11.467800779584469,10.934263051369285,27.233252351959777,27.154846809210973,0.2959901306616843,8
true_mu,25,0.9402451227062989,353.8444346972757,338.3520590982616,1016.7832326818971,1016.7832326818971,0.4789219654072865,6
sample_mu,25,0.9336120497108156,353.8444346972757,340.55876392931475,1049.3477073274455,1016.7832326818971,0.4789219654072865,6
true_mu,26,0.6709355652120037,138.95980855567018,129.00510019571138,161.47052435722466,161.47052435722466,0.19366573931883363,6
sample_mu,26,0.66567614323531,138.95980855567018,129.91152311515302,162.60505767311378,161.47052435722466,0.19366573931883363,6
true_mu,27,0.3324303077210322,271.8530275019222,274.2046894971809,1026.9239844936058,1026.9239844936058,0.9443742395754123,4
sample_mu,27,0.3100151724378035,271.8530275019222,274.63875323038116,1028.5495965837545,1026.9239844936058,0.9443742395754123,4
true_mu,28,0.3899609751336924,84.1831992102088,90.2663662203158,464.51773416229844,464.51773416229844,0.6897423395052663,8
sample_mu,28,0.5018490056867799,84.1831992102088,85.04531310072744,426.8339136119395,464.51773416229844,0.6897423395052663,8
true_mu,29,0.6723176536543829,107.60866755095644,107.30732613354229,391.9448727634873,391.9448727634873,0.9105792351203675,4
sample_mu,29,0.7686858373141257,107.60866755095644,106.94784167792147,380.977943942024,391.9448727634873,0.9105792351203675,4
true_mu,30,0.4419168897259533,38.43139151791417,38.963063608063095,119.44667814649472,119.44667814649472,0.7770124462629501,4
sample_mu,30,0.5707135087905535,38.43139151791417,38.28624247503267,117.3717890450356,119.44667814649472,0.7770124462629501,4
true_mu,31,0.9321461909031774,15.402680236988381,12.090469372303836,24.83586321482933,24.83586321482933,0.40310943992701787,4
sample_mu,31,0.9317321964746829,15.402680236988381,12.172012792626715,22.621806224700304,24.83586321482933,0.40310943992701787,4
true_mu,32,0.2021664850352607,668.1510335035726,740.3202106999853,724.3823997246959,724.3823997246959,0.15487995194445436,7
sample_mu,32,0.19685404646906504,668.1510335035726,743.5533878836682,745.9818237758477,724.3823997246959,0.15487995194445436,7
true_mu,33,0.6726717503630786,160.99679709012796,152.37246429562867,1085.586155830055,1085.586155830055,0.8428631620714252,8
sample_mu,33,0.762735857497771,160.99679709012796,150.30156311038752,1044.3678573535271,1085.586155830055,0.8428631620714252,8
true_mu,34,0.5200682973306862,42.50327485059843,42.350697264191574,223.46252884516383,223.46252884516383,0.6571920917583647,8
sample_mu,34,0.5234613659785584,42.50327485059843,41.60086179883489,248.76283468912806,223.46252884516383,0.6571920917583647,8
true_mu,35,0.42526774488140884,273.9449489485184,295.2233960650237,1097.351206010309,1097.351206010309,0.5007170282853667,8
sample_mu,35,0.40578753734520384,273.9449489485184,291.3286379352348,1196.876312990209,1097.351206010309,0.5007170282853667,8
true_mu,36,0.36383789534012256,40.36659974896469,40.874915819222736,195.13258383932117,195.13258383932117,0.6042513645341341,8
sample_mu,36,0.43942616028049114,40.36659974896469,40.47747446649076,198.1317778831486,195.13258383932117,0.6042513645341341,8
true_mu,37,0.7712852092439372,249.82212535729957,234.52831312674832,1290.0962489318329,1290.0962489318329,0.7377227452113416,7
sample_mu,37,0.7681122266264664,249.82212535729957,234.61347820947947,1323.2673464412644,1290.0962489318329,0.7377227452113416,7
true_mu,38,0.20900497127499532,931.976237317928,1026.032959909855,1734.048930262243,1734.048930262243,0.3101024934663832,6
sample_mu,38,0.18835128186135752,931.976237317928,1040.8312912389288,1849.336690991254,1734.048930262243,0.3101024934663832,6
true_mu,39,0.8551758402453287,115.41874673525996,113.55237554040446,322.26530756379236,322.26530756379236,0.5584280139568378,5
sample_mu,39,0.9846225807258702,115.41874673525996,112.23886397583804,326.6091885536197,322.26530756379236,0.5584280139568378,5
true_mu,40,0.2765858909306182,50.7942326522589,51.657275522418146,232.60330935545974,232.60330935545974,0.6541893136003376,7
sample_mu,40,0.417091470758623,50.7942326522589,50.99017360611635,229.59947084791338,232.60330935545974,0.6541893136003376,7
true_mu,41,0.8913927918997464,87.69270784524758,67.47970890563195,244.62467907103243,244.62467907103243,0.34869586805143005,8
sample_mu,41,0.8903665480011972,87.69270784524758,67.92843214404807,246.25137219063026,244.62467907103243,0.34869586805143005,8
true_mu,42,0.27351965059663413,48.64843817895837,50.84538431402784,271.6880911898665,271.6880911898665,0.9307873022577259,6
sample_mu,42,0.30324052475644514,48.64843817895837,50.549769856068394,270.10849986816277,271.6880911898665,0.9307873022577259,6
true_mu,43,0.8138275339903354,906.5520662336886,890.4729651817478,1670.0595381105677,1670.0595381105677,0.26317289751154227,7
sample_mu,43,0.7668191139371652,906.5520662336886,896.252381970715,1904.9367642181328,1670.0595381105677,0.26317289751154227,7
true_mu,44,0.32726374315055123,214.15130492828192,224.14211709807847,778.7238460204185,778.7238460204185,0.9090813692230463,4
sample_mu,44,0.5856965357034675,214.15130492828192,210.02376375251356,711.6404672155355,778.7238460204185,0.9090813692230463,4
true_mu,45,0.9642792230337389,15.041257300473328,13.879347273427802,33.96876642363665,33.96876642363665,0.5645932009714324,4
sample_mu,45,0.963528142558636,15.041257300473328,14.074932307488076,33.59612923327499,33.96876642363665,0.5645932009714324,4
true_mu,46,0.25084985967172846,29.284182288072873,29.627262408477655,41.72634204861309,41.72634204861309,0.28497529238238467,5
sample_mu,46,0.23501119106259696,29.284182288072873,29.799442640478784,43.032317549087196,41.72634204861309,0.28497529238238467,5
true_mu,47,0.39369292934154954,15.556456130802713,15.921925895684746,9.289084164767244,9.289084164767244,0.07464010510059471,8
sample_mu,47,0.44239080403620684,15.556456130802713,15.638348586849869,6.928230587248338,9.289084164767244,0.07464010510059471,8
true_mu,48,0.5820745709310019,157.40837461956292,154.17207004717946,275.0307853209286,275.0307853209286,0.2496062378108125,7
sample_mu,48,0.5449572887827894,157.40837461956292,153.99756634120888,327.3136357846525,275.0307853209286,0.2496062378108125,7
true_mu,49,0.07687938756072761,12.467591457452123,20.46022675189741,30.12981943831375,30.12981943831375,0.30208139580464605,8
sample_mu,49,0.07499907924255267,12.467591457452123,20.6308486441528,29.630254000383296,30.12981943831375,0.30208139580464605,8
true_mu,50,0.26876124105161253,31.899798165643908,37.27784026189531,18.716352339621427,18.716352339621427,0.07334040266663405,8
sample_mu,50,0.2661175182023986,31.899798165643908,37.385435140818416,19.733699895016155,18.716352339621427,0.07334040266663405,8
true_mu,51,0.2925907323652451,363.8699418670946,368.51971648106877,435.6170631732741,435.6170631732741,0.23943558565900203,5
sample_mu,51,0.39192374499169974,363.8699418670946,364.4928024713949,441.7747769979812,435.6170631732741,0.23943558565900203,5
true_mu,52,0.5296308589380548,19.093665850528318,19.07288251966914,40.17170241238973,40.17170241238973,0.5259820550813477,4
sample_mu,52,0.5530575333124438,19.093665850528318,19.046399253341036,40.115922805256766,40.17170241238973,0.5259820550813477,4
true_mu,53,0.6578505959824208,771.3922728142618,726.142916976997,460.1202700763739,460.1202700763739,0.14912006714745868,4
sample_mu,53,0.6369021580394141,771.3922728142618,737.5922162704138,516.5790696439069,460.1202700763739,0.14912006714745868,4
true_mu,54,0.9532788695503774,13.736918996711728,9.651634966429375,13.745680589240719,13.745680589240719,0.14294825907293113,7
sample_mu,54,0.9703539788411577,13.736918996711728,9.084948488800263,11.706218033726346,13.745680589240719,0.14294825907293113,7
true_mu,55,0.9741325506690904,54.11994510394365,35.50130202422942,181.16224701459123,181.16224701459123,0.47820301651042507,7
sample_mu,55,0.98096920567188,54.11994510394365,33.6708732550691,171.82161526551002,181.16224701459123,0.47820301651042507,7
true_mu,56,0.15521981441790764,539.8730382545974,546.1346523377256,2045.328890170032,2045.328890170032,0.9471342080642488,4
sample_mu,56,0.6282853514792733,539.8730382545974,534.0958510486629,2000.2423753807998,2045.328890170032,0.9471342080642488,4
true_mu,57,0.9151943673095528,122.86986370308324,97.25450212075705,35.860273854138434,35.860273854138434,0.0416936758166874,7
sample_mu,57,0.7361301395143889,122.86986370308324,105.6783580700527,45.27899452425795,35.860273854138434,0.0416936758166874,7
true_mu,58,0.21470301895921975,65.6785030779881,69.50219374545013,235.49989175415334,235.49989175415334,0.89641161383701,4
sample_mu,58,0.2515187184642383,65.6785030779881,70.01752558586594,231.38284293144116,235.49989175415334,0.89641161383701,4
true_mu,59,0.35255570679016063,84.022408150437,84.50294622144067,67.68270301158562,67.68270301158562,0.1150759396918496,7
sample_mu,59,0.3641903364187164,84.022408150437,84.43038828803297,59.671314476774036,67.68270301158562,0.1150759396918496,7
true_mu,60,0.5232126882522953,203.07284997673568,201.68650928361026,707.1038324744517,707.1038324744517,0.4974315041238076,7
sample_mu,60,0.45670562740626847,203.07284997673568,203.62280569151557,696.2495922841578,707.1038324744517,0.4974315041238076,7
true_mu,61,0.6683934954395296,10.342374212539081,9.550439429827971,7.067825583718871,7.067825583718871,0.11389753517056475,6
sample_mu,61,0.6136604905574696,10.342374212539081,9.841985478414193,11.427880225849275,7.067825583718871,0.11389753517056475,6
true_mu,62,0.44502484403800013,50.600524440170716,50.487318453434305,128.93181673774404,128.93181673774404,0.3185041513013147,8
sample_mu,62,0.5005461162660347,50.600524440170716,50.86586626785861,114.62127038153093,128.93181673774404,0.3185041513013147,8
true_mu,63,0.8223476763749131,271.4115146866796,244.3555360470695,1338.7795074564615,1338.7795074564615,0.8221092541596617,6
sample_mu,63,0.8293350305923414,271.4115146866796,242.78819801081076,1330.19234762311,1338.7795074564615,0.8221092541596617,6
true_mu,64,0.9798798671243829,893.2594997497705,675.5560529053658,2607.3479536329164,2607.3479536329164,0.4864857215555903,6
sample_mu,64,0.9793015314559869,893.2594997497705,694.5876650413991,2748.7324795366303,2607.3479536329164,0.4864857215555903,6
true_mu,65,0.7141143029246442,393.62882722847576,389.5831221293551,687.2728200651064,687.2728200651064,0.34919841867485457,5
sample_mu,65,0.645128403331808,393.62882722847576,391.7604058762296,865.6848590071138,687.2728200651064,0.34919841867485457,5
true_mu,66,0.9085177115743538,32.71608868737658,28.293502158853645,32.040690183087115,32.040690183087115,0.16322596143881307,6
sample_mu,66,0.9110406116037414,32.71608868737658,28.331617180596268,30.51763748727131,32.040690183087115,0.16322596143881307,6
true_mu,67,0.7915148032956961,609.1329413755983,535.9365241818102,2068.47824631708,2068.47824631708,0.565962454119856,6
sample_mu,67,0.8360463593686821,609.1329413755983,513.5969525155725,1933.268771099793,2068.47824631708,0.565962454119856,6
true_mu,68,0.6892615172538565,95.24330584341551,94.15478961127786,126.13209143381985,126.13209143381985,0.2648629010025901,5
sample_mu,68,0.6945724598078078,95.24330584341551,95.20624574267809,134.08624530515388,126.13209143381985,0.2648629010025901,5
true_mu,69,0.42077314557439044,18.513571521439097,19.385163017983903,13.241041088889283,13.241041088889283,0.17880181943224574,4
sample_mu,69,0.5645007261603356,18.513571521439097,18.15690790528796,21.50731904830231,13.241041088889283,0.17880181943224574,4
true_mu,70,0.6775923052709659,59.64473103546059,53.684828494171775,220.55538393688698,220.55538393688698,0.4622273001066938,8
sample_mu,70,0.6937511935882927,59.64473103546059,53.709544388994296,215.20371144484452,220.55538393688698,0.4622273001066938,8
true_mu,71,0.662310792154312,81.29980482896072,80.85371465039147,161.98256450330376,161.98256450330376,0.4981025626201815,4
sample_mu,71,0.6027126573989242,81.29980482896072,80.66374501276485,183.14104991338633,161.98256450330376,0.4981025626201815,4
true_mu,72,0.4423844111736601,193.9135605833003,194.08253931294558,455.9402432146373,455.9402432146373,0.335893581982132,7
sample_mu,72,0.4410653584089674,193.9135605833003,195.60520789444027,459.5173083429051,455.9402432146373,0.335893581982132,7
true_mu,73,0.18544020028879282,508.3445876371816,516.9351268063343,2020.070506929842,2020.070506929842,0.49672765188650375,8
sample_mu,73,0.2892263928795904,508.3445876371816,513.7361696271632,1957.9555218966307,2020.070506929842,0.49672765188650375,8
true_mu,74,0.24937342059671794,957.8360489656862,1059.0703901212423,6176.467925922054,6176.467925922054,0.8060445120790345,8
sample_mu,74,0.2540151826086279,957.8360489656862,1054.3479951208724,6304.739485527028,6176.467925922054,0.8060445120790345,8
true_mu,75,0.2808890159562116,315.0526652866886,324.06846937529724,175.39235617238788,175.39235617238788,0.06958850673933596,8
sample_mu,75,0.3694624952857596,315.0526652866886,317.55545858968844,137.20919658020708,175.39235617238788,0.06958850673933596,8
true_mu,76,0.7111104844104701,109.84179218480664,106.76820510674573,441.03834407126243,441.03834407126243,0.8030428770303094,5
sample_mu,76,0.6715505721983299,109.84179218480664,109.65764735428179,452.97405866783885,441.03834407126243,0.8030428770303094,5
true_mu,77,0.8971836947623227,205.51274441271605,176.78704182122,902.1398065213613,902.1398065213613,0.6271003561634259,7
sample_mu,77,0.8832737561833901,205.51274441271605,180.42450485879849,920.70168847348,902.1398065213613,0.6271003561634259,7
true_mu,78,0.8572470512803012,41.05776653582944,30.685963339590277,87.26846269600321,87.26846269600321,0.5313760955545864,4
sample_mu,78,0.8599664739564211,41.05776653582944,31.72384736424629,94.85036915504661,87.26846269600321,0.5313760955545864,4
true_mu,79,0.14152315868244852,627.1103975342703,658.4850365133198,1386.9148988122397,1386.9148988122397,0.5528990207567271,4
sample_mu,79,0.14596644334797704,627.1103975342703,645.9839290759,1395.0617194240815,1386.9148988122397,0.5528990207567271,4
true_mu,80,0.48880760496347986,90.32112676697733,90.62160212162661,79.49914577662099,79.49914577662099,0.22004582045827342,4
sample_mu,80,0.4523800381450491,90.32112676697733,91.83872878150017,86.84803667902335,79.49914577662099,0.22004582045827342,4
true_mu,81,0.5859327943872995,262.39557119746894,261.1967275577249,1548.809412554947,1548.809412554947,0.8432249313435967,7
sample_mu,81,0.4352377651338618,262.39557119746894,263.2513474113573,1522.4149690355443,1548.809412554947,0.8432249313435967,7
true_mu,82,0.7806838262449003,504.93194438963485,502.0172893745863,296.59983017785135,296.59983017785135,0.09790092621174366,6
sample_mu,82,0.7853503127518338,504.93194438963485,499.35690728716736,224.03580374201368,296.59983017785135,0.09790092621174366,6
true_mu,83,0.5991837053134569,16.998421828648617,16.91383235048931,81.18639528234868,81.18639528234868,0.9552227389194405,5
sample_mu,83,0.06731401812839084,16.998421828648617,17.37053906230286,81.31800744989296,81.18639528234868,0.9552227389194405,5
true_mu,84,0.1855004153546595,175.2698325883774,212.8031867052626,595.6267903393839,595.6267903393839,0.48547739345930857,7
sample_mu,84,0.17499764664230122,175.2698325883774,211.78520430757234,607.7983510373448,595.6267903393839,0.48547739345930857,7
true_mu,85,0.3971259158578228,23.2546730694886,23.3851158922448,114.4669880916024,114.4669880916024,0.6152902459086241,8
sample_mu,85,0.43849128062197734,23.2546730694886,23.326946581779346,117.075609920147,114.4669880916024,0.6152902459086241,8
true_mu,86,0.3048110684773245,224.34737554679748,226.82704705563575,1021.3609073047305,1021.3609073047305,0.650369547171713,7
sample_mu,86,0.35280548921539395,224.34737554679748,226.22372123303012,968.9177769429396,1021.3609073047305,0.650369547171713,7
true_mu,87,0.025685255628297467,293.7094393293922,309.9930349514851,290.94944402188423,290.94944402188423,0.12382537172034304,8
sample_mu,87,0.03351380984175727,293.7094393293922,308.4073957862785,242.94935161764792,290.94944402188423,0.12382537172034304,8
true_mu,88,0.9346989244050955,19.092226700778582,14.690997917784408,99.55738755728719,99.55738755728719,0.6518188600889284,8
sample_mu,88,0.9342892090947342,19.092226700778582,14.839835008770415,100.5660210097673,99.55738755728719,0.6518188600889284,8
true_mu,89,0.5013216236106208,929.3753371483011,919.236936020538,4809.707757462715,4809.707757462715,0.7393149793680376,7
sample_mu,89,0.4871078852498857,929.3753371483011,934.9531434888181,4891.939402010548,4809.707757462715,0.7393149793680376,7
true_mu,90,0.5858222301592064,413.47115585175635,397.83441170714764,179.20440185605835,179.20440185605835,0.06191635976115943,7
sample_mu,90,0.7340724405258565,413.47115585175635,367.412634337946,138.90752664263405,179.20440185605835,0.06191635976115943,7
true_mu,91,0.21803594405807877,40.09251545275749,47.16693133754369,163.5299838364341,163.5299838364341,0.815763151748997,5
sample_mu,91,0.26489734131302844,40.09251545275749,46.03155841089695,155.64946954324904,163.5299838364341,0.815763151748997,5
true_mu,92,0.37979486824903236,211.9601610660659,213.2907521355854,617.2894416284264,617.2894416284264,0.3640362406570493,8
sample_mu,92,0.40143825333664906,211.9601610660659,213.02672369753475,648.1664105338357,617.2894416284264,0.3640362406570493,8
true_mu,93,0.7261271460213489,77.42821003944042,76.38966767992065,73.91563882555313,73.91563882555313,0.19092689547621455,5
sample_mu,93,0.6801044190984847,77.42821003944042,76.68521202473622,88.40726841222363,73.91563882555313,0.19092689547621455,5
true_mu,94,0.6570617038347367,276.1131769828077,275.1613589910957,473.422261757692,473.422261757692,0.3429189920821271,5
sample_mu,94,0.6661086061561514,276.1131769828077,275.0133539064645,461.4739684292029,473.422261757692,0.3429189920821271,5
true_mu,95,0.5053299889333095,273.4697764623185,276.492773896416,438.9077882075073,438.9077882075073,0.2006198792263907,8
sample_mu,95,0.5307566724627396,273.4697764623185,273.1517712938648,373.1527894657972,438.9077882075073,0.2006198792263907,8
true_mu,96,0.31093061336075817,75.61496094325194,75.73738174031956,29.98317573009711,29.98317573009711,0.06608739715896324,6
sample_mu,96,0.33496733483441044,75.61496094325194,76.23442543238883,25.9723737509118,29.98317573009711,0.06608739715896324,6
true_mu,97,0.7072463831707738,79.86919515309451,78.70471156120782,169.61810516984218,169.61810516984218,0.42473973812986493,5
sample_mu,97,0.7118543679610493,79.86919515309451,78.94553459868769,165.93241753546002,169.61810516984218,0.42473973812986493,5
true_mu,98,0.6945819331351138,38.01701524064536,33.912991150657966,10.195008301461337,10.195008301461337,0.04469493566204309,6
sample_mu,98,1.0,38.01701524064536,15.119034501697335,4.112200912100144,10.195008301461337,0.04469493566204309,6
true_mu,99,0.5841934288427431,166.72376170013263,163.7262240780862,853.2366644821511,853.2366644821511,0.8529444711234107,6
sample_mu,99,0.6250180076611415,166.72376170013263,164.90845071850828,838.158917021871,853.2366644821511,0.8529444711234107,6
true_mu,100,0.6328008682778167,10.477112046501249,10.407533484898389,46.34315950626269,46.34315950626269,0.8846552237023871,5
sample_mu,100,0.43660994638168965,10.477112046501249,10.514063363096952,45.66049413992212,46.34315950626269,0.8846552237023871,5
true_mu,101,0.39718189400967,33.45968521446371,35.34332565656983,21.841822219640562,21.841822219640562,0.16319506653785656,4
sample_mu,101,0.43616655851290154,33.45968521446371,34.62687764306905,27.483550590991456,21.841822219640562,0.16319506653785656,4
true_mu,102,0.9397631305800832,44.11831305090349,41.68615678793185,10.185076462450521,10.185076462450521,0.046171649630841645,5
sample_mu,102,0.9390518627423785,44.11831305090349,41.72119567478734,14.470330587373775,10.185076462450521,0.046171649630841645,5
true_mu,103,0.3636286403505511,121.95296016829201,122.71060779433188,350.75675949666487,350.75675949666487,0.47936072921426615,6
sample_mu,103,0.34766499358124886,121.95296016829201,122.2065921354736,376.5494265896381,350.75675949666487,0.47936072921426615,6
true_mu,104,0.4185541616213829,41.46472765191945,42.00668905631352,177.9183179804274,177.9183179804274,0.8581670641803496,5
sample_mu,104,0.39556447834234626,41.46472765191945,41.70420073228571,185.7024461580565,177.9183179804274,0.8581670641803496,5
true_mu,105,0.545720142770389,235.4231892023932,234.84370467606044,718.4551615654284,718.4551615654284,0.6103520761905684,5
sample_mu,105,0.49761050040127264,235.4231892023932,235.44439619480352,702.4918654140499,718.4551615654284,0.6103520761905684,5
true_mu,106,0.9705563522167578,12.308388118549384,8.68158272246459,14.672325179685776,14.672325179685776,0.19867650470513704,6
sample_mu,106,0.9687900366623099,12.308388118549384,8.665752278126952,14.283627006495731,14.672325179685776,0.19867650470513704,6
true_mu,107,0.6961626401349785,75.33817406543506,61.137137069827524,255.37952495166527,255.37952495166527,0.4842536965008225,7
sample_mu,107,0.6844342887780247,75.33817406543506,62.963984099350334,263.0105549429135,255.37952495166527,0.4842536965008225,7
true_mu,108,0.09264054222817113,41.06267421532226,45.046953051352524,156.5039939205215,156.5039939205215,0.9528361030497807,4
sample_mu,108,0.0,41.06267421532226,46.60546818691801,166.02163416985474,156.5039939205215,0.9528361030497807,4
true_mu,109,0.15075579287515106,12.49603418832098,14.421348837547395,66.31596903023208,66.31596903023208,0.8844935391877127,6
sample_mu,109,0.2628668036342042,12.49603418832098,14.273168971617022,64.01250755115004,66.31596903023208,0.8844935391877127,6
true_mu,110,0.882741904515408,10.42217671436261,8.461354275102403,52.74796837604943,52.74796837604943,0.7230182581088763,7
sample_mu,110,0.9428251275038796,10.42217671436261,7.772390828282969,48.45297954524011,52.74796837604943,0.7230182581088763,7
true_mu,111,0.7963744026188604,97.98106171768858,95.59482289230694,698.3288475335808,698.3288475335808,0.8908977348419453,8
sample_mu,111,0.7768633092516187,97.98106171768858,96.30396779429506,686.1230122665245,698.3288475335808,0.8908977348419453,8
true_mu,112,0.7180700357378789,10.975330632421766,10.849469495322285,24.581907995259034,24.581907995259034,0.44794838203129195,5
sample_mu,112,0.6753162515112632,10.975330632421766,10.957729916378105,19.820628982592744,24.581907995259034,0.44794838203129195,5
true_mu,113,0.7124443832933549,19.40580566393405,17.044483071360016,82.40084825268025,82.40084825268025,0.7076992806489807,6
sample_mu,113,0.6999702344026515,19.40580566393405,17.27344749059551,83.50776726487308,82.40084825268025,0.7076992806489807,6
true_mu,114,0.6891521816815773,951.7659427928158,942.7154383454034,4525.034104057936,4525.034104057936,0.9508711965002435,5
sample_mu,114,0.0,951.7659427928158,958.4669042144496,4600.641140229358,4525.034104057936,0.9508711965002435,5
true_mu,115,0.5162436064027659,300.41148058571576,298.1495738089336,1122.2871501443483,1122.2871501443483,0.6226388485310282,6
sample_mu,115,0.4863715997252554,300.41148058571576,300.382220990801,1159.3426864281066,1122.2871501443483,0.6226388485310282,6
true_mu,116,0.057727735225462075,33.97676139391326,52.748971153125346,27.610047321127393,27.610047321127393,0.11608794695639732,7
sample_mu,116,0.058702205644310806,33.97676139391326,52.59707245173317,26.8501628837069,27.610047321127393,0.11608794695639732,7
true_mu,117,0.20409049560291578,25.84298360609117,30.98774385539536,113.76061989254931,113.76061989254931,0.7336654158986505,6
sample_mu,117,0.1378162615967132,25.84298360609117,31.906833621329746,123.14628370465337,113.76061989254931,0.7336654158986505,6
true_mu,118,0.43046598922260265,14.862127395165441,14.736072350388365,45.08192908957013,45.08192908957013,0.6066685864129385,5
sample_mu,118,0.4843284252328364,14.862127395165441,14.872386650302142,44.374513940376175,45.08192908957013,0.6066685864129385,5
true_mu,119,0.18072348944032263,532.5559840276251,588.9386840188889,2586.3462657204377,2586.3462657204377,0.6937825299901179,7
sample_mu,119,0.15706751437174718,532.5559840276251,580.5931672501661,2748.475834225559,2586.3462657204377,0.6937825299901179,7
true_mu,120,0.7046541549200749,76.6243010210974,72.02028382565119,311.06885625143246,311.06885625143246,0.5074579019092522,8
sample_mu,120,0.7142971315502019,76.6243010210974,72.41023601706539,305.02389451501904,311.06885625143246,0.5074579019092522,8
true_mu,121,0.7999188774795779,541.0497012340967,482.5401832298653,295.96911540814773,295.96911540814773,0.06837844904383618,8
sample_mu,121,0.8701276507510077,541.0497012340967,463.04584424258053,244.41624642054208,295.96911540814773,0.06837844904383618,8
true_mu,122,0.8417376456007666,218.6423177701276,213.77715296464675,118.63230764674975,118.63230764674975,0.06782327688016196,8
sample_mu,122,0.8044042994815502,218.6423177701276,215.06500819081967,138.6814183609838,118.63230764674975,0.06782327688016196,8
true_mu,123,0.45482993192904964,233.53047204558058,235.9340589376548,566.0306465700784,566.0306465700784,0.40396630156513386,6
sample_mu,123,0.4271491652336737,233.53047204558058,233.5932624365162,589.1762459238166,566.0306465700784,0.40396630156513386,6
true_mu,124,0.8266520475088408,556.5429329716828,434.9399862331035,1809.5490268684237,1809.5490268684237,0.5419015975420098,6
sample_mu,124,0.9431302262949087,556.5429329716828,417.26048391220985,2120.7560545751226,1809.5490268684237,0.5419015975420098,6
true_mu,125,0.42811821148362716,47.31461931785028,48.34382958498234,77.71511178962196,77.71511178962196,0.2737529925918075,6
sample_mu,125,0.47401479396494817,47.31461931785028,48.13516193829431,68.27910781812483,77.71511178962196,0.2737529925918075,6
true_mu,126,0.011744148339915205,108.17900755211264,131.77314016282065,313.88429834361455,313.88429834361455,0.5803053761468616,5
sample_mu,126,0.013654522989771566,108.17900755211264,131.30818137417447,305.04694307458084,313.88429834361455,0.5803053761468616,5
true_mu,127,0.515063204329683,229.6274246954722,228.38896604420682,1472.1826767291984,1472.1826767291984,0.8013974586667842,8
sample_mu,127,0.5339964755972999,229.6274246954722,229.11906928077295,1440.3897296035066,1472.1826767291984,0.8013974586667842,8
true_mu,128,0.8263485060801852,293.61780981181994,258.4690123126663,277.00119964943667,277.00119964943667,0.23585183731443873,4
sample_mu,128,0.9462213674204508,293.61780981181994,231.76473972404972,219.17020067151884,277.00119964943667,0.23585183731443873,4
true_mu,129,0.24512698891414467,107.77902428785015,125.88971979300311,30.75832652194516,30.75832652194516,0.057076646824705986,5
sample_mu,129,0.17962642814813293,107.77902428785015,134.26013554255297,35.360869260263065,30.75832652194516,0.057076646824705986,5
true_mu,130,0.6856507728805493,817.9990735573224,810.4324806387383,3035.1506887307496,3035.1506887307496,0.927614341765528,4
sample_mu,130,0.48903014371767783,817.9990735573224,818.4588042061713,2989.4578817249144,3035.1506887307496,0.927614341765528,4
true_mu,131,0.384116119353447,411.5036996573921,423.3517842827456,1099.2439285459325,1099.2439285459325,0.38161223596744476,7
sample_mu,131,0.485147374034164,411.5036996573921,417.18756135541616,980.0603334223913,1099.2439285459325,0.38161223596744476,7
true_mu,132,0.1121901725196348,754.3321927796728,776.7119441324113,1172.7727741738688,1172.7727741738688,0.1943395736983373,8
sample_mu,132,0.10704393992516853,754.3321927796728,779.5952076643005,1301.0508553740488,1172.7727741738688,0.1943395736983373,8
true_mu,133,0.5176108249433578,158.73944103042038,159.16838481316913,853.9173482471704,853.9173482471704,0.7684806738317868,7
sample_mu,133,0.527414934946275,158.73944103042038,158.6238453601986,872.560012742427,853.9173482471704,0.7684806738317868,7
true_mu,134,0.7933231151193574,420.4382012230559,409.93282744128135,1389.0084799692468,1389.0084799692468,0.8259290401827292,4
sample_mu,134,0.8086977302162144,420.4382012230559,409.25344111597815,1352.4360350147192,1389.0084799692468,0.8259290401827292,4
true_mu,135,0.8439007950084876,32.548004336386924,26.610503350197405,63.517883424569106,63.517883424569106,0.48787847918497046,4
sample_mu,135,0.8232906733517512,32.548004336386924,27.68471519780727,69.47340720067822,63.517883424569106,0.48787847918497046,4
true_mu,136,0.5423854567048997,885.5623057351937,882.3894027343623,2072.916194918564,2072.916194918564,0.33439870133419747,7
sample_mu,136,0.4207302576026605,885.5623057351937,889.0948944575846,1889.7239052316788,2072.916194918564,0.33439870133419747,7
true_mu,137,0.4844951108983767,556.8038742114051,550.9380703845919,686.0926717510449,686.0926717510449,0.30804952314796213,4
sample_mu,137,0.509352084761314,556.8038742114051,556.3471247620989,659.0073142563726,686.0926717510449,0.30804952314796213,4
true_mu,138,0.7430286872377869,164.16864455747475,162.10557265919482,173.72851660119628,173.72851660119628,0.26455800538143365,4
sample_mu,138,0.7618193691187148,164.16864455747475,160.74535095127482,172.27076721177542,173.72851660119628,0.26455800538143365,4
true_mu,139,0.24472485795422605,104.37508591245614,111.61070219177068,27.32615384309976,27.32615384309976,0.06545181161819444,4
sample_mu,139,0.18782716501249505,104.37508591245614,111.30240232932006,49.682624325091254,27.32615384309976,0.06545181161819444,4
true_mu,140,0.5798968959753358,52.360105324186236,49.64023082958696,134.00330615189966,134.00330615189966,0.5118526990051745,5
sample_mu,140,0.4817497480764521,52.360105324186236,52.928413305980584,150.21254563578998,134.00330615189966,0.5118526990051745,5
true_mu,141,0.38983696828406067,16.266741142391556,16.962741981723866,71.84528439455036,71.84528439455036,0.8833396162839238,5
sample_mu,141,0.48792611290244714,16.266741142391556,16.368644355029456,69.32899823079364,71.84528439455036,0.8833396162839238,5
true_mu,142,0.3037137395156846,118.37574166457944,119.5556208663528,340.00676870430374,340.00676870430374,0.7180668182585104,4
sample_mu,142,0.2571387085492246,118.37574166457944,120.7631679114566,370.216248767609,340.00676870430374,0.7180668182585104,4
true_mu,143,0.6107309983198174,160.7020026772924,159.76322204664578,175.55685106378954,175.55685106378954,0.2731093081278012,4
sample_mu,143,0.6250269325784414,160.7020026772924,159.75346548078417,162.8500306016123,175.55685106378954,0.2731093081278012,4
true_mu,144,0.3926276031545773,18.55258152854149,18.45415710399404,32.62296883715892,32.62296883715892,0.4396014752309725,4
sample_mu,144,0.2919948170774604,18.55258152854149,18.78639980599825,32.389558132904384,32.62296883715892,0.4396014752309725,4
true_mu,145,0.11782641663810714,55.19333119539966,69.55706897231272,140.06058772785622,140.06058772785622,0.42293934398222555,6
sample_mu,145,0.14804878177655903,55.19333119539966,68.3551476637197,134.23880950632778,140.06058772785622,0.42293934398222555,6
true_mu,146,0.9384575552189445,595.6572719087868,531.5765279371786,565.4190245574573,565.4190245574573,0.11865443670853902,8
sample_mu,146,0.9401173456816071,595.6572719087868,524.714681525221,558.1203228635202,565.4190245574573,0.11865443670853902,8
true_mu,147,0.6976530037063225,122.80067729512851,121.57904094200921,194.453946054931,194.453946054931,0.3958731139316057,4
sample_mu,147,0.525353324184387,122.80067729512851,122.91924137611234,187.00030232220774,194.453946054931,0.3958731139316057,4
true_mu,148,0.45356382861572725,146.67630550435,151.11767084628312,113.8515413865724,113.8515413865724,0.15524189949438819,5
sample_mu,148,0.3162972942367908,146.67630550435,160.7625462087313,144.3055966841892,113.8515413865724,0.15524189949438819,5
true_mu,149,0.5323580976747134,70.79053330617796,70.03846761085576,374.24473886426773,374.24473886426773,0.8811082531935265,6
sample_mu,149,0.48339269312517696,70.79053330617796,71.19839641212249,380.44272214601415,374.24473886426773,0.8811082531935265,6
true_mu,150,0.4645980667079858,342.0640813953128,341.8395518682667,906.447879336622,906.447879336622,0.44165597843496285,6
sample_mu,150,0.4424406141847547,342.0640813953128,342.1043951815114,953.7066056694923,906.447879336622,0.44165597843496285,6
true_mu,151,0.6415962464849609,603.4291853229988,594.8052524800135,2238.951017667637,2238.951017667637,0.6183965111744882,6
sample_mu,151,0.6132826057086928,603.4291853229988,600.5478176677249,2317.8492986932115,2238.951017667637,0.6183965111744882,6
true_mu,152,0.16832014332740783,380.39903637244055,392.6131166695138,476.8447402941828,476.8447402941828,0.3133845611449672,4
sample_mu,152,0.19561289566620416,380.39903637244055,385.43900803441727,434.27461279095917,476.8447402941828,0.3133845611449672,4
true_mu,153,0.6982765843288116,25.767845362554425,25.502570681132358,163.0112669526223,163.0112669526223,0.9037357808819949,7
sample_mu,153,0.32573835212449087,25.767845362554425,26.00058397154807,166.1945451579825,163.0112669526223,0.9037357808819949,7
true_mu,154,0.7224946080059226,149.13650500255636,147.48501268888776,966.6057135356153,966.6057135356153,0.9259069769854199,7
sample_mu,154,0.4818639111745784,149.13650500255636,149.27218625917016,978.318715098418,966.6057135356153,0.9259069769854199,7
true_mu,155,0.8256361175239539,380.54294592840046,330.66925018126165,413.8854753383895,413.8854753383895,0.18126971816047557,6
sample_mu,155,0.8342380719811364,380.54294592840046,326.6460113099753,408.8497481526008,413.8854753383895,0.18126971816047557,6
true_mu,156,0.4638012757649473,20.518088209373513,20.695377290757005,6.658733596977738,6.658733596977738,0.06490598470022907,5
sample_mu,156,0.5132744579319821,20.518088209373513,20.24378466450379,4.823878271710035,6.658733596977738,0.06490598470022907,5
true_mu,157,0.8392246861369662,27.082939847660434,26.186871255802334,70.83788184756472,70.83788184756472,0.6538976404151714,4
sample_mu,157,0.8788777267888086,27.082939847660434,26.352962029059142,67.80719509814787,70.83788184756472,0.6538976404151714,4
true_mu,158,0.7326272945949798,147.24527672037965,144.48817921471345,1003.9736581352553,1003.9736581352553,0.8522969976498906,8
sample_mu,158,0.7117074696377177,147.24527672037965,143.67269520615667,1023.6041637023615,1003.9736581352553,0.8522969976498906,8
true_mu,159,0.4784440922336999,153.09329676694168,154.47175205894226,146.82147814460356,146.82147814460356,0.15983878376259467,6
sample_mu,159,0.3783645000521409,153.09329676694168,159.56918727842037,167.63348464736345,146.82147814460356,0.15983878376259467,6
true_mu,160,0.3981948506370921,81.79550711159048,82.08499425228425,128.04246153195518,128.04246153195518,0.3913493113908804,4
sample_mu,160,0.4511189412994231,81.79550711159048,81.19806393496931,117.49854845057773,128.04246153195518,0.3913493113908804,4
true_mu,161,0.699421196427751,65.20596474536684,58.41559439500226,182.2422372400966,182.2422372400966,0.34935883157270076,8
sample_mu,161,0.7444122359296154,65.20596474536684,57.07808153894384,169.3768280770072,182.2422372400966,0.34935883157270076,8
true_mu,162,0.6646138335268765,129.44471350134813,127.618470881155,47.81221800757985,47.81221800757985,0.09234100164137236,4
sample_mu,162,0.6913388778325623,129.44471350134813,129.05246008175232,37.645545244453196,47.81221800757985,0.09234100164137236,4
true_mu,163,0.8961583621111118,28.279934715067178,25.105828304183287,165.9315400983897,165.9315400983897,0.7334331822643121,8
sample_mu,163,0.9137939463609168,28.279934715067178,25.580917002819557,177.74856712402806,165.9315400983897,0.7334331822643121,8
true_mu,164,0.420319975071221,65.80632197039608,66.07038520774582,218.33895778273086,218.33895778273086,0.829475615887459,4
sample_mu,164,0.6330363958425683,65.80632197039608,65.36206351167733,227.08359384047517,218.33895778273086,0.829475615887459,4
true_mu,165,0.40965789538929165,15.067577662209827,15.26903483174142,45.88504245408415,45.88504245408415,0.5075472147630596,6
sample_mu,165,0.31662708493389796,15.067577662209827,15.237895995790385,50.61226546609521,45.88504245408415,0.5075472147630596,6
true_mu,166,0.765110592987731,15.841957048675415,12.82080007824023,4.708461847068051,4.708461847068051,0.04953577634170034,6
sample_mu,166,,15.841957048675415,,-0.4973866295530449,4.708461847068051,0.04953577634170034,6
true_mu,167,0.8555145719248209,302.7790403703165,294.28849045620615,599.9856032201076,599.9856032201076,0.24769944547940387,8
sample_mu,167,0.8453639706425031,302.7790403703165,292.95457132009767,612.400640848748,599.9856032201076,0.24769944547940387,8
true_mu,168,0.5518365782825592,110.43716703370949,110.85022870183059,789.7586627976783,789.7586627976783,0.8939004458487863,8
sample_mu,168,0.5991177639402961,110.43716703370949,110.01699098454212,803.6840929126349,789.7586627976783,0.8939004458487863,8
true_mu,169,0.23514366429085767,308.86666774104157,325.80052419559297,560.5482601629054,560.5482601629054,0.3629710284133848,5
sample_mu,169,0.22484972898860356,308.86666774104157,319.9601704763518,578.7523398199498,560.5482601629054,0.3629710284133848,5
true_mu,170,0.27122484421864457,33.87838757607409,38.11030105958329,103.09185000616323,103.09185000616323,0.7607493846531949,4
sample_mu,170,0.15642355010508546,33.87838757607409,39.150435230846,114.16210373964206,103.09185000616323,0.7607493846531949,4
true_mu,171,0.7723940764283146,14.652605714331381,14.454407608881345,48.202662686435666,48.202662686435666,0.46995700312577693,7
sample_mu,171,0.8363864217912046,14.652605714331381,14.011841295083983,44.44575941632911,48.202662686435666,0.46995700312577693,7
true_mu,172,0.26657981871024994,342.9958888172605,379.0228733031528,2155.822394346234,2155.822394346234,0.7856589774953547,8
sample_mu,172,0.2972664837491218,342.9958888172605,372.8747489730103,2120.852831695208,2155.822394346234,0.7856589774953547,8
true_mu,173,0.34928169337245196,173.4227664303978,180.65516004843272,46.50060993936638,46.50060993936638,0.0670336007441519,4
sample_mu,173,0.3651608687323349,173.4227664303978,177.7539457191839,43.52030380200013,46.50060993936638,0.0670336007441519,4
true_mu,174,0.07536094598033263,457.5456094036551,570.457967157895,846.4051210492879,846.4051210492879,0.4624703546781136,4
sample_mu,174,0.07549298241240004,457.5456094036551,564.6242040175467,858.9777781547236,846.4051210492879,0.4624703546781136,4
true_mu,175,0.35753718279210395,238.31108795228823,256.980022337314,176.424305486225,176.424305486225,0.12338515663298787,6
sample_mu,175,0.8457177988432208,238.31108795228823,192.28062026651585,100.24176682564269,176.424305486225,0.12338515663298787,6
true_mu,176,0.17924576442879983,600.3789776639982,610.2559574914698,1650.798180174912,1650.798180174912,0.6873983940102165,4
sample_mu,176,0.2548742693485093,600.3789776639982,607.7672942232166,1644.0661184164517,1650.798180174912,0.6873983940102165,4
true_mu,177,0.33175805060717695,123.53143438156545,124.69678348812465,130.99870154730715,130.99870154730715,0.1767413859788334,6
sample_mu,177,0.3138307777396831,123.53143438156545,124.7935499889143,156.19909540428688,130.99870154730715,0.1767413859788334,6
true_mu,178,0.8782608684010771,16.264491031501052,15.999125181716954,21.975927881711897,21.975927881711897,0.2702319776149028,5
sample_mu,178,0.911559676376616,16.264491031501052,15.936104149484454,18.372087652755873,21.975927881711897,0.2702319776149028,5
true_mu,179,0.18119250905852735,14.413305602822694,16.179782971732752,80.20258108283474,80.20258108283474,0.9274136839588913,6
sample_mu,179,0.0,14.413305602822694,16.4111412785974,83.4107915102639,80.20258108283474,0.9274136839588913,6
true_mu,180,0.7865550625690461,95.82100347815243,81.22079032048866,290.80468471427275,290.80468471427275,0.5058123552570555,6
sample_mu,180,0.8126265182369268,95.82100347815243,79.86936556637218,278.8987816221038,290.80468471427275,0.5058123552570555,6
true_mu,181,0.7860474409214563,85.23571319332022,83.35593424218384,560.1518781074753,560.1518781074753,0.9388282666328137,7
sample_mu,181,0.9641164839066992,85.23571319332022,80.31504803375508,539.7171227868341,560.1518781074753,0.9388282666328137,7
true_mu,182,0.15374654005491134,30.82071928228034,33.14979431767645,11.152350921352287,11.152350921352287,0.045230737556813255,8
sample_mu,182,0.06188038934493311,30.82071928228034,35.5001866662413,16.953739110955706,11.152350921352287,0.045230737556813255,8
true_mu,183,0.5190577081491016,270.52934003801954,267.7010575654548,1205.4091370083615,1205.4091370083615,0.6365346740679145,7
sample_mu,183,0.5642170540954613,270.52934003801954,257.4607355602514,1159.2988308958732,1205.4091370083615,0.6365346740679145,7
true_mu,184,0.8330844115780527,301.996304687072,266.81053158439494,1258.006865111461,1258.006865111461,0.6942727695597719,6
sample_mu,184,0.8408551098316863,301.996304687072,263.6750077385791,1243.2229264853,1258.006865111461,0.6942727695597719,6
true_mu,185,0.5766969665428673,95.59010165043821,95.17536923155527,284.56255013555034,284.56255013555034,0.7442259847577164,4
sample_mu,185,0.609529974228814,95.59010165043821,94.68915479635476,297.6384429756222,284.56255013555034,0.7442259847577164,4
true_mu,186,0.029362182811604347,17.44841052868248,20.06902700357466,16.298716133917306,16.298716133917306,0.18682178651315826,5
sample_mu,186,0.026946055082586337,17.44841052868248,19.855960182127195,16.953274031471068,16.298716133917306,0.18682178651315826,5
true_mu,187,0.5815746870913393,29.415707230988243,28.905685939277873,58.43834530223575,58.43834530223575,0.28380534853780115,7
sample_mu,187,0.6089446956985103,29.415707230988243,29.51138711883354,55.34786059520849,58.43834530223575,0.28380534853780115,7
true_mu,188,0.3674015295512522,13.588062906688723,13.83681753168099,47.123201814104846,47.123201814104846,0.5779975426189269,6
sample_mu,188,0.3937170671482274,13.588062906688723,13.650470741203057,52.68478729504856,47.123201814104846,0.5779975426189269,6
true_mu,189,0.9833746903301553,114.0742289128072,99.64333521058616,443.6965765328287,443.6965765328287,0.7779085263367747,5
sample_mu,189,0.9834766280548736,114.0742289128072,99.69672575497192,443.9343164851608,443.6965765328287,0.7779085263367747,5
true_mu,190,0.9621016053506515,126.68973236535348,95.56829770883003,27.189007165326075,27.189007165326075,0.053652744105017934,4
sample_mu,190,1.0,126.68973236535348,93.3869899821206,19.67669780771605,27.189007165326075,0.053652744105017934,4
true_mu,191,0.16123188914541534,128.0358112920881,130.2459081251798,432.60831283566716,432.60831283566716,0.5631345226385632,6
sample_mu,191,0.4273326664699822,128.0358112920881,128.49045763512655,426.777630815019,432.60831283566716,0.5631345226385632,6
true_mu,192,0.8044228863959629,25.197476061139273,24.806867598619064,63.829034063748466,63.829034063748466,0.6332879720658668,4
sample_mu,192,0.6342169924524834,25.197476061139273,25.036495464963306,66.05226066433184,63.829034063748466,0.6332879720658668,4
true_mu,193,0.9306465585658941,11.751395713512942,8.94256737032578,31.068638710455435,31.068638710455435,0.6609563550551186,4
sample_mu,193,0.9513943999880788,11.751395713512942,9.372782913095747,34.234514442577236,31.068638710455435,0.6609563550551186,4
true_mu,194,0.2778578956403841,36.28774924124168,37.284524314309145,29.12504768802521,29.12504768802521,0.11465911182941546,7
sample_mu,194,0.33936190152389384,36.28774924124168,36.586780867106,22.81665587112541,29.12504768802521,0.11465911182941546,7
true_mu,195,0.37115808758003516,209.72908016839148,220.47925046569128,232.5516487660288,232.5516487660288,0.15840275503406115,7
sample_mu,195,0.3438789090656816,209.72908016839148,227.26050798980836,239.70421579721005,232.5516487660288,0.15840275503406115,7
true_mu,196,0.6237661597026406,511.7646099629058,465.4049440563896,2035.6711435399209,2035.6711435399209,0.6629581595099201,6
sample_mu,196,0.6061540700163407,511.7646099629058,475.6955602516597,2080.682075859147,2035.6711435399209,0.6629581595099201,6
true_mu,197,0.25216632572734865,373.7665445950453,378.45126230711855,966.4686160932395,966.4686160932395,0.3232193430863218,8
sample_mu,197,0.31114603216334874,373.7665445950453,377.30963590179215,916.5160699077242,966.4686160932395,0.3232193430863218,8
true_mu,198,0.8688209901846813,261.7454814558934,209.8852276074567,888.9638175195656,888.9638175195656,0.6792581958434797,5
sample_mu,198,0.8544648467891922,261.7454814558934,216.77057471285022,918.1265390580509,888.9638175195656,0.6792581958434797,5
true_mu,199,0.05800928536405749,644.6227424178377,688.5250903895483,2392.1024455885354,2392.1024455885354,0.9277141063222059,4
sample_mu,199,0.1366670645992296,644.6227424178377,674.8754297320047,2286.734879642978,2392.1024455885354,0.9277141063222059,4
