iteration,q_rank,q_true,q_hat,p1_true,n_true
0,0.48955842879156514,42.04001903728689,42.06168731024116,0.5138068538537495,8
1,0.20530981346946542,405.56777942532847,422.6772162871208,0.30862406639884127,6
2,0.009641671121391925,440.37759626306575,484.4753878949786,0.439890475460138,4
3,0.7541748145071481,471.67492248322947,450.654363996367,0.04668778024117817,8
4,0.10921249955547041,470.0511193382699,585.7613825227918,0.3783797151838524,7
5,0.07136036313744444,138.3322860291452,171.70250748742194,0.36756781704230107,4
6,0.5412655636408347,912.6703048109941,896.2717267805004,0.13056909989704993,7
7,0.9532672354522785,553.9336020824989,458.04257526043006,0.3390111625556667,7
8,0.8528949704518778,268.9297925388541,233.48487170220423,0.5446761721297534,6
9,0.6828079867766486,18.91235962762073,18.26131635847671,0.7039012559488517,5
10,0.730975456156306,100.77876071841568,99.87922443980733,0.8187862683560618,7
11,0.9192688402836899,175.98073759337345,145.28019594738925,0.06995768445072281,7
12,0.44340418482615523,159.95550705188143,160.41017715368218,0.6953804695849576,7
13,0.6050344886632629,37.75667093224563,37.558249033938466,0.9313546138897566,4
14,0.5218447865739578,186.89814351027175,183.10858094698327,0.5994520525237279,6
15,0.28167687101738836,386.4575109736077,406.54072409831065,0.9368501309338981,6
16,0.42014405272142796,71.66807617990827,73.60395556819601,0.16269143022671462,4
17,0.8432296987717243,11.165483643283768,9.546638324369045,0.7063782730018533,5
18,0.2660975375024466,229.48578356224397,236.15291030617144,0.04783043572328079,6
19,0.21489737280621166,120.44802069842022,134.41572052412465,0.4691201235181304,5
20,0.9760283023194715,260.1018602747347,188.8416238299997,0.5998168622526096,5
21,0.31114852924629394,56.429382234419315,64.24370618170735,0.8299475912568897,6
22,0.3700320518250859,19.005581349738463,19.272316916251278,0.2520359720876651,4
23,0.8844657478119681,40.918325506906314,35.228740847638356,0.7861671464530526,6
24,0.8086881001919619,11.467800779584469,10.902782902835385,0.2959901306616843,8
25,0.9402451227063001,353.8444346972757,338.3520590982616,0.4789219654072865,6
26,0.6709355652120035,138.95980855567018,129.00510019571138,0.19366573931883363,6
27,0.33243030772103227,271.8530275019222,274.2046894971809,0.9443742395754123,4
28,0.3899609751336922,84.1831992102088,90.2663662203158,0.6897423395052663,8
29,0.672317653654381,107.60866755095644,107.30732613354229,0.9105792351203678,4
30,0.4419168897259534,38.43139151791417,38.963063608063095,0.7770124462629501,4
31,0.9321461909031775,15.402680236988381,12.090469372303836,0.40310943992701787,4
32,0.2021664850352617,668.1510335035726,740.3202106999853,0.15487995194445436,7
33,0.6726717503630791,160.99679709012796,152.37246429562867,0.8428631620714252,8
34,0.5200682973306847,42.50327485059843,42.350697264191574,0.6571920917583647,8
35,0.42526774488140967,273.9449489485184,295.2233960650237,0.5007170282853667,8
36,0.36379554798286007,40.3665997489647,40.87491581922276,0.6042513645341341,8
37,0.7712852092439363,249.82212535729957,234.52831312674832,0.7377227452113418,7
38,0.20900497127499557,931.976237317928,1026.032959909855,0.3101024934663832,6
39,0.8551758402453152,115.41874673525996,113.55237554040434,0.5584280139568377,5
40,0.2765858909306223,50.7942326522589,51.657275522418146,0.6541893136003376,7
41,0.8913927918997459,87.69270784524758,67.47970890563195,0.34869586805143005,8
42,0.2735196505966322,48.6484381789584,50.84538431402787,0.9307873022577259,6
43,0.8138275339903347,906.5520662336886,890.4729651817478,0.26317289751154227,7
44,0.32726374315055096,214.15130492828192,224.14211709807847,0.9090813692230463,4
45,0.9642792230337388,15.041257300473328,13.879347273427802,0.5645932009714324,4
46,0.25084985967172896,29.284182288072873,29.627262408477655,0.28497529238238467,5
47,0.3936929293415503,15.556456130802713,15.921925895684746,0.07464010510059471,8
48,0.5820745709310029,157.40837461956292,154.17207004717946,0.2496062378108125,7
49,0.07687938756072737,12.467591457452123,20.460226751897398,0.30208139580464605,8
50,0.2687612410516123,31.899798165643908,37.27784026189531,0.07334040266663402,8
51,0.29259073236524485,363.8699418670946,368.51971648106877,0.23943558565900203,5
52,0.5296308589380548,19.093665850528318,19.07288251966914,0.5259820550813477,4
53,0.6578505959824192,771.3922728142618,726.142916976997,0.14912006714745868,4
54,0.9532788695503771,13.736918996711722,9.65163496642937,0.14294825907293113,7
55,0.9741325506690904,54.11994510394365,35.50130202422942,0.47820301651042507,7
56,0.15521981441790755,539.8730382545974,546.1346523377256,0.9471342080642488,4
57,0.9151943673095531,122.86986370308324,97.25450212075705,0.0416936758166874,7
58,0.21470301895921215,65.6785030779881,69.50219374545013,0.8964116138370102,4
59,0.3525557067901608,84.022408150437,84.50294622144067,0.1150759396918496,7
60,0.523212688252291,203.07284997673568,201.68650928361026,0.4974315041238076,7
61,0.6683934954395291,10.342374212539081,9.550439429827971,0.11389753517056475,6
62,0.44502484403799974,50.600524440170716,50.487318453434305,0.3185041513013147,8
63,0.8223476763749145,271.4115146866796,244.3555360470695,0.8221092541596617,6
64,0.9798798671243831,893.2594997497705,675.5560529053658,0.4864857215555903,6
65,0.7141143029246444,393.62882722847576,389.5831221293551,0.34919841867485457,5
66,0.9085177115743537,32.71608868737658,28.293502158853645,0.16322596143881307,6
67,0.7915148032956958,609.1329413755983,535.9365241818102,0.565962454119856,6
68,0.6892615172538517,95.24330584341551,94.15478961127786,0.2648629010025901,5
69,0.42077314557438966,18.513571521439097,19.385163017983903,0.17880181943224574,4
70,0.6775923052709661,59.64473103546059,53.684828494171775,0.4622273001066938,8
71,0.6623107921543092,81.29980482896072,80.85371465039147,0.4981025626201815,4
72,0.44238441117366006,193.9135605833003,194.08253931294558,0.335893581982132,7
73,0.18544020028879327,508.3445876371816,516.9351268063343,0.49672765188650375,8
74,0.24937342059671297,957.8360489656862,1059.0703901212423,0.8060445120790345,8
75,0.2808890159562121,315.0526652866886,324.06846937529724,0.06958850673933596,8
76,0.7111104844104695,109.84179218480664,106.76820510674573,0.8030428770303094,5
77,0.8971836947623231,205.51274441271605,176.78704182122,0.6271003561634259,7
78,0.8572470512803012,41.05776653582944,30.685963339590277,0.5313760955545865,4
79,0.14152315868244822,627.1103975342703,658.4850365133198,0.5528990207567271,4
80,0.4888076049634783,90.32112676697733,90.62160212162661,0.22004582045827348,4
81,0.5859327943872975,262.39557119746894,261.1967275577249,0.8432249313435967,7
82,0.780683826244875,504.9319443896344,502.0172893745858,0.09790092621174369,6
83,0.5991837053134658,16.998421828648624,16.913832350489315,0.9552227389194405,5
84,0.18550041535466016,175.2698325883774,212.8031867052626,0.48547739345930857,7
85,0.3971259158578235,23.2546730694886,23.3851158922448,0.6152902459086241,8
86,0.3048110684773073,224.34737554679768,226.82704705563597,0.650369547171713,7
87,0.02568525562829735,293.7094393293922,309.9930349514851,0.12382537172034304,8
88,0.9346989244050957,19.092226700778582,14.690997917784408,0.6518188600889284,8
89,0.5013216236106215,929.3753371483011,919.236936020538,0.7393149793680376,7
90,0.5858222301592059,413.47115585175635,397.83441170714764,0.06191635976115943,7
91,0.21803594405808557,40.0925154527575,47.16693133754371,0.815763151748997,5
92,0.379794868249056,211.96016106606572,213.29075213558517,0.3640362406570493,8
93,0.7261271460213496,77.42821003944042,76.38966767992065,0.1909268954762146,5
94,0.6570617038347378,276.1131769828077,275.1613589910957,0.3429189920821271,5
95,0.5053299889333146,273.4697764623185,276.492773896416,0.20061987922639077,8
96,0.3109306133607604,75.61496094325194,75.73738174031956,0.06608739715896324,6
97,0.7072463831708008,79.86919515309451,78.70471156120782,0.42473973812986493,5
98,0.6945819331351111,38.01701524064537,33.91299115065798,0.04469493566204309,6
99,0.5841934288427348,166.72376170013277,163.7262240780862,0.8529444711234107,6
100,0.6328008682778167,10.477112046501249,10.407533484898389,0.8846552237023873,5
101,0.3971818940096694,33.45968521446371,35.34332565656983,0.16319506653785656,4
102,0.9397631305800831,44.11831305090349,41.68615678793185,0.046171649630841645,5
103,0.3636286403505565,121.95296016829201,122.71060779433188,0.47936072921426615,6
104,0.4672156152789582,41.46472765191945,42.00668905631354,0.8581670641803498,5
105,0.5457201427703873,235.423189202393,234.8437046760602,0.6103520761905682,5
106,0.970556352216758,12.308388118549384,8.681582722464588,0.19867650470513698,6
107,0.6961626401349781,75.33817406543506,61.13713706982749,0.4842536965008225,7
108,0.09264054222817009,41.06267421532226,45.046953051352524,0.9528361030497807,4
109,0.1507557928751521,12.49603418832098,14.421348837547395,0.8844935391877127,6
110,0.8827419045154082,10.42217671436261,8.461354275102403,0.7230182581088763,7
111,0.7963744026189022,97.98106171768866,95.59482289230704,0.8908977348419456,8
112,0.7180700357378789,10.975330632421766,10.849469495322285,0.44794838203129195,5
113,0.7124443832933555,19.40580566393405,17.044483071360016,0.7076992806489807,6
114,0.6891521816815769,951.7659427928158,942.7154383454034,0.9508711965002435,5
115,0.5162436064028073,300.4114805857155,298.14957380893327,0.6226388485310282,6
116,0.057727735225461776,33.97676139391326,52.748971153125346,0.11608794695639735,7
117,0.2040904956029161,25.84298360609117,30.987743855395376,0.7336654158986508,6
118,0.4304659892225817,14.862127395165441,14.736072350388358,0.6066685864129385,5
119,0.18072348944032235,532.5559840276251,588.9386840188889,0.6937825299901179,7
120,0.7046541549200737,76.62430102109747,72.02028382565128,0.5074579019092522,8
121,0.7999188774795781,541.0497012340967,482.5401832298653,0.06837844904383618,8
122,0.8417376456007677,218.6423177701276,213.77715296464675,0.06782327688016196,8
123,0.45482993192904975,233.53047204558058,235.9340589376548,0.40396630156513386,6
124,0.8266520475088442,556.5429329716828,434.9399862331035,0.5419015975420098,6
125,0.42811821148362555,47.31461931785028,48.34382958498231,0.2737529925918075,6
126,0.011744148339915344,108.17900755211264,131.77314016282065,0.5803053761468616,5
127,0.5150632043296312,229.6274246954722,228.3889660442066,0.8013974586667842,8
128,0.8263485060801856,293.61780981181994,258.4690123126663,0.23585183731443873,4
129,0.2451269889141445,107.77902428785015,125.88971979300311,0.05707664682470597,5
130,0.6856507728805493,817.9990735573224,810.4324806387383,0.927614341765528,4
131,0.3841161193534449,411.5036996573924,423.3517842827456,0.38161223596744476,7
132,0.11219017251963675,754.3321927796728,776.7119441324113,0.19433957369833726,8
133,0.517610824943358,158.73944103042038,159.16838481316913,0.7684806738317866,7
134,0.7933231151194042,420.4382012230555,409.93282744128095,0.8259290401827292,4
135,0.8439007950084872,32.548004336386924,26.610503350197405,0.48787847918497046,4
136,0.5423854567049061,885.5623057351937,882.3894027343623,0.33439870133419747,7
137,0.48449511089837805,556.8038742114051,550.9380703845919,0.30804952314796213,4
138,0.7430286872377825,164.16864455747492,162.10557265919496,0.26455800538143365,4
139,0.24472485795422372,104.37508591245614,111.6107021917708,0.06545181161819447,4
140,0.5798968959753371,52.360105324186236,49.64023082958696,0.5118526990051745,5
141,0.38983696828406283,16.266741142391556,16.962741981723866,0.8833396162839238,5
142,0.3037137395156846,118.37574166457944,119.5556208663528,0.7180668182585106,4
143,0.6107309983198247,160.7020026772924,159.7632220466456,0.2731093081278012,4
144,0.39262760315447315,18.552581528541502,18.45415710399405,0.4396014752309725,4
145,0.1178264166381069,55.19333119539971,69.55706897231279,0.42293934398222555,6
146,0.9384575552189445,595.6572719087868,531.5765279371786,0.11865443670853902,8
147,0.6976530037063225,122.80067729512851,121.57904094200921,0.3958731139316057,4
148,0.453563828615726,146.67630550435,151.11767084628298,0.15524189949438813,5
149,0.5323580976747119,70.79053330617796,70.03846761085576,0.8811082531935265,6
150,0.46459806670798565,342.0640813953128,341.8395518682667,0.44165597843496285,6
151,0.64159624648496,603.4291853229988,594.8052524800135,0.6183965111744882,6
152,0.16832014332740916,380.39903637244055,392.6131166695138,0.3133845611449672,4
153,0.6982765299307716,25.767845362554425,25.502570681132386,0.9037357808819951,7
154,0.7224946080059226,149.13650500255622,147.48501268888762,0.9259069769854201,7
155,0.8256361175239549,380.5429459284001,330.66925018126096,0.18126971816047552,6
156,0.4638012757649478,20.518088209373513,20.695377290757005,0.06490598470022907,5
157,0.8392246861369662,27.08293984766042,26.18687125580232,0.6538976404151713,4
158,0.732627294594979,147.24527672037965,144.48817921471345,0.8522969976498906,8
159,0.47844409223369977,153.09329676694168,154.47175205894226,0.15983878376259467,6
160,0.39819485063709187,81.79550711159048,82.08499425228425,0.3913493113908804,4
161,0.6994211964277515,65.20596474536684,58.41559439500226,0.34935883157270076,8
162,0.664613833526827,129.44471350134825,127.618470881155,0.09234100164137236,4
163,0.8961583621111121,28.279934715067178,25.105828304183287,0.7334331822643121,8
164,0.4203199750712243,65.80632197039608,66.07038520774582,0.829475615887459,4
165,0.4096578953892911,15.067577662209827,15.26903483174142,0.5075472147630596,6
166,0.765110592987731,15.841957048675415,12.82080007824023,0.04953577634170034,6
167,0.8555145719248222,302.7790403703165,294.28849045620615,0.24769944547940387,8
168,0.5518365782825592,110.43716703370949,110.85022870183059,0.8939004458487863,8
169,0.2351436642908571,308.86666774104157,325.80052419559297,0.3629710284133848,5
170,0.27122484421864423,33.87838757607409,38.11030105958329,0.7607493846531949,4
171,0.772394076428316,14.652605714331381,14.454407608881345,0.46995700312577693,7
172,0.2665798187102495,342.9958888172605,379.0228733031528,0.7856589774953547,8
173,0.34928169337245035,173.42276643039764,180.65516004843272,0.0670336007441519,4
174,0.07536094598033438,457.5456094036547,570.4579671578945,0.4624703546781134,4
175,0.3575371827921039,238.31108795228823,256.980022337314,0.12338515663298787,6
176,0.17924576442879805,600.3789776639982,610.2559574914698,0.6873983940102165,4
177,0.331758050607177,123.53143438156545,124.69678348812465,0.1767413859788334,6
178,0.8782608684010766,16.264491031501052,15.999125181716954,0.2702319776149028,5
179,0.18119250905853007,14.413305602822694,16.179782971732752,0.9274136839588913,6
180,0.7865550625690471,95.82100347815243,81.22079032048862,0.5058123552570554,6
181,0.7860474409214568,85.23571319332022,83.35593424218384,0.9388282666328137,7
182,0.15374654005491167,30.82071928228034,33.14979431767645,0.045230737556813255,8
183,0.5190577081491021,270.52934003801954,267.7010575654548,0.6365346740679145,7
184,0.8330844115780531,301.996304687072,266.81053158439494,0.6942727695597719,6
185,0.5766969665428546,95.5901016504383,95.17536923155536,0.7442259847577164,4
186,0.029362182811604423,17.44841052868248,20.06902700357466,0.18682178651315826,5
187,0.5815746870913399,29.415707230988243,28.905685939277873,0.28380534853780115,7
188,0.36740152955130784,13.588062906688723,13.83681753168099,0.5779975426189269,6
189,0.9833746903301547,114.07422891280731,99.64333521058626,0.7779085263367747,5
190,0.9621016053506514,126.68973236535348,95.56829770883003,0.053652744105017934,4
191,0.16123188914541534,128.0358112920881,130.2459081251798,0.5631345226385632,6
192,0.8044228863959599,25.197476061139284,24.806867598619075,0.6332879720658668,4
193,0.9306465585658942,11.751395713512942,8.94256737032578,0.6609563550551186,4
194,0.27785789564037877,36.28774924124168,37.284524314309145,0.11465911182941546,7
195,0.37115808758003505,209.72908016839148,220.47925046569128,0.1584027550340611,7
196,0.6237661597026389,511.7646099629058,465.40494405639004,0.6629581595099201,6
197,0.25216632572734854,373.7665445950453,378.45126230711855,0.3232193430863218,8
198,0.848817289822049,261.7454814558934,215.20367214617673,0.6792581958434795,5
199,0.058009285364057805,644.6227424178377,688.5250903895483,0.9277141063222059,4
