arm,iteration,n_candidates,resolution,q_rank,q_true,q_hat,p1_true,n_true
fullset,0,5,128,0.3806552201186263,42.04001903728689,42.676823201327906,0.5138068538537492,8
fullset,1,5,128,0.20669765143848653,405.56777942532847,422.38941220893366,0.30862406639884127,6
fullset,2,5,128,0.03538560894383211,440.37759626306575,477.54320028107236,0.43989047546013815,4
fullset,3,5,128,0.7435012948823392,471.67492248322947,454.89434471867594,0.04668778024117817,8
fullset,4,5,128,0.0784776424801558,470.0511193382699,601.2414538235231,0.3783797151838524,7
fullset,5,5,128,0.1404651030029321,138.3322860291453,164.91000433986065,0.36756781704230107,4
fullset,6,5,128,0.4904937961997721,912.6703048109941,917.4017179371989,0.13056909989704993,7
fullset,7,5,128,0.8778320178012948,553.9336020824989,468.022237237782,0.3390111625556667,7
fullset,8,5,128,0.7211310103353683,268.9297925388541,237.83852528065705,0.5446761721297534,6
fullset,9,5,128,0.6999961877649621,18.91235962762073,15.94515119238707,0.7039012559488517,5
fullset,10,5,128,0.493773717957773,100.77876071841568,102.0134849180024,0.8187862683560618,7
fullset,11,5,128,0.9122859096967713,175.98073759337345,149.71922765054427,0.06995768445072281,7
fullset,12,5,128,0.4799405287305838,159.95550705188143,160.15123994647357,0.6953804695849576,7
fullset,13,5,128,0.38781409751527135,37.75667093224563,38.064700412716675,0.9313546138897566,4
fullset,14,5,128,0.18517768469521967,186.89814351027192,218.42033495485492,0.5994520525237279,6
fullset,15,5,128,0.5706727396296624,386.4575109736077,372.1388270280117,0.9368501309338981,6
fullset,16,5,128,0.4762165180623817,71.66807617990827,71.72604979061205,0.16269143022671462,4
fullset,17,5,128,0.8707946458995887,11.165483643283768,8.888118092063795,0.7063782730018534,5
fullset,18,5,128,0.31297651950001343,229.48578356224397,237.79637607775734,0.04783043572328079,6
fullset,19,5,128,0.3110553335162012,120.44802069842022,132.34073859517983,0.4691201235181304,5
fullset,20,5,128,0.9724168078936665,260.1018602747347,175.81546469752288,0.5998168622526096,5
fullset,21,5,128,0.31431247929743383,56.429382234419315,65.29354892295112,0.8299475912568897,6
fullset,22,5,128,0.38179503564536216,19.005581349738463,19.23076225089094,0.2520359720876651,4
fullset,23,5,128,0.786414600597436,40.91832550690633,34.088192514993864,0.7861671464530526,6
fullset,24,5,128,0.6516070678086872,11.467800779584469,11.25990422005889,0.2959901306616843,8
fullset,25,5,128,0.93473446538136,353.8444346972757,340.60331865361076,0.4789219654072865,6
fullset,26,5,128,0.6496787598129444,138.95980855567018,130.9239906220716,0.19366573931883363,6
fullset,27,5,128,0.6343903991731081,271.8530275019222,269.55900008255355,0.9443742395754123,4
fullset,28,5,128,0.17338076581006784,84.1831992102088,107.93576116730188,0.6897423395052663,8
fullset,29,5,128,0.8710068031222238,107.60866755095644,85.68638230092479,0.9105792351203675,4
fullset,30,5,128,0.34147261284100916,38.43139151791417,38.81114502762872,0.7770124462629501,4
fullset,31,5,128,0.9727778525912927,15.402680236988381,10.298325119867908,0.40310943992701787,4
fullset,32,5,128,0.16602253085614274,668.1510335035726,749.5469275690623,0.15487995194445436,7
fullset,33,5,128,0.2374580172762519,160.99679709012796,180.38816306156534,0.8428631620714252,8
fullset,34,5,128,0.2701989278118039,42.50327485059843,50.3650939960899,0.6571920917583647,8
fullset,35,5,128,0.23371915257036072,273.9449489485184,345.8516919540706,0.5007170282853667,8
fullset,36,5,128,0.5572916762932829,40.36659974896469,40.13658101949452,0.6042513645341341,8
fullset,37,5,128,0.30910903431317144,249.82212535729957,309.04611753935063,0.7377227452113416,7
fullset,38,5,128,0.18690027026688266,931.976237317928,1036.5878805123682,0.3101024934663832,6
fullset,39,5,128,0.9318965684189461,115.41874673525996,111.29410843983698,0.5584280139568378,5
fullset,40,5,128,0.4751190458827541,50.7942326522589,50.85137598398743,0.6541893136003376,7
fullset,41,5,128,0.7315814154750279,87.69270784524758,77.09825139577353,0.34869586805143005,8
fullset,42,5,128,0.5256677965848507,48.64843817895837,47.98335187534335,0.9307873022577259,6
fullset,43,5,128,0.7815182464751765,906.5520662336886,883.7394721766311,0.26317289751154227,7
fullset,44,5,128,0.8106084682717132,214.15130492828192,186.5454468588551,0.9090813692230463,4
fullset,45,5,128,0.9746750092681691,15.041257300473328,13.66246287805377,0.5645932009714324,4
fullset,46,5,128,0.2560037539282261,29.284182288072873,29.949102530933466,0.28497529238238467,5
fullset,47,5,128,0.39326202112285835,15.556456130802713,15.653582846863305,0.07464010510059471,8
fullset,48,5,128,0.46487356182993317,157.40837461956292,159.4732950930658,0.2496062378108125,7
fullset,49,5,128,0.031246685577379283,12.467591457452123,20.346690919526356,0.30208139580464605,8
fullset,50,5,128,0.23065142058899657,31.899798165643908,39.041717116946415,0.07334040266663405,8
fullset,51,5,128,0.4508252221564552,363.8699418670946,364.1404977275639,0.23943558565900203,5
fullset,52,5,128,0.7107396906466545,19.093665850528318,18.817419028014434,0.5259820550813477,4
fullset,53,5,128,0.7093833034679581,771.3922728142618,707.616358606376,0.14912006714745868,4
fullset,54,5,128,0.9415031289543024,13.736918996711728,9.865969004544347,0.14294825907293113,7
fullset,55,5,128,0.8997612625915441,54.11994510394365,40.83124650287521,0.47820301651042507,7
fullset,56,5,128,0.9382958937507884,539.8730382545974,350.3846021245818,0.9471342080642488,4
fullset,57,5,128,0.8131913121088078,122.86986370308324,101.46178527539898,0.0416936758166874,7
fullset,58,5,128,0.8435194385797231,65.6785030779881,48.43968290429648,0.89641161383701,4
fullset,59,5,128,0.4044271322352135,84.022408150437,84.08864474611045,0.1150759396918496,7
fullset,60,5,128,0.47159279355125955,203.07284997673568,203.3822701154268,0.4974315041238076,7
fullset,61,5,128,0.6553417721835503,10.342374212539081,9.621877912476041,0.11389753517056475,6
fullset,62,5,128,0.4408816283734464,50.600524440170716,50.30037252294653,0.3185041513013147,8
fullset,63,5,128,0.6515484379411375,271.4115146866796,236.44440177132898,0.8221092541596617,6
fullset,64,5,128,0.9106891675773477,893.2594997497705,684.4071400232814,0.4864857215555903,6
fullset,65,5,128,0.7647966087645935,393.62882722847576,386.5429065638642,0.34919841867485457,5
fullset,66,5,128,0.901440210879394,32.71608868737658,28.467032766554784,0.16322596143881307,6
fullset,67,5,128,0.6703460594761714,609.1329413755983,542.9583262140839,0.565962454119856,6
fullset,68,5,128,0.6827485024827947,95.24330584341551,93.33342770495848,0.2648629010025901,5
fullset,69,5,128,0.4714722942099431,18.513571521439097,18.58378924615653,0.17880181943224574,4
fullset,70,5,128,0.4869034598475791,59.64473103546059,59.6858417629898,0.4622273001066938,8
fullset,71,5,128,0.8309952555110804,81.29980482896072,78.22511485951887,0.4981025626201815,4
fullset,72,5,128,0.4263257425322404,193.9135605833003,194.90966979326552,0.335893581982132,7
fullset,73,5,128,0.3079138489814443,508.3445876371816,514.3324760809174,0.49672765188650375,8
fullset,74,5,128,0.08057700869420026,957.8360489656862,1270.4300862802647,0.8060445120790345,8
fullset,75,5,128,0.2762025316438055,315.0526652866886,323.8663900602482,0.06958850673933596,8
fullset,76,5,128,0.4461979298216478,109.84179218480664,123.0461779750002,0.8030428770303094,5
fullset,77,5,128,0.6800580011763567,205.51274441271605,191.30333709854753,0.6271003561634259,7
fullset,78,5,128,0.9368245895548947,41.05776653582944,25.8776804090379,0.5313760955545864,4
fullset,79,5,128,0.23163436753516056,627.1103975342703,649.665242942181,0.5528990207567271,4
fullset,80,5,128,0.5391994242219601,90.32112676697733,90.13796742125274,0.22004582045827342,4
fullset,81,5,128,0.3212362659702384,262.39557119746894,265.32601792944826,0.8432249313435967,7
fullset,82,5,128,0.7173702330785305,504.93194438963485,499.8178433633473,0.09790092621174366,6
fullset,83,5,128,0.2913914757700749,16.998421828648617,17.21598828944627,0.9552227389194405,5
fullset,84,5,128,0.12696942045423495,175.2698325883774,225.39651799901432,0.48547739345930857,7
fullset,85,5,128,0.6195898914568148,23.2546730694886,22.837718489265434,0.6152902459086241,8
fullset,86,5,128,0.3797076886343299,224.34737554679748,223.2883429587381,0.650369547171713,7
fullset,87,5,128,0.04157854451272166,293.7094393293922,310.3748982408099,0.12382537172034304,8
fullset,88,5,128,0.6144768659825363,19.092226700778582,18.127236116456128,0.6518188600889284,8
fullset,89,5,128,0.36321196730777394,929.3753371483011,1019.9230072989825,0.7393149793680376,7
fullset,90,5,128,0.5652671106756187,413.47115585175635,397.31284987928666,0.06191635976115943,7
fullset,91,5,128,0.5313136197424985,40.09251545275749,37.99797506309,0.815763151748997,5
fullset,92,5,128,0.40619225156197364,211.9601610660659,213.18049583032192,0.3640362406570493,8
fullset,93,5,128,0.6912949073136235,77.42821003944042,76.48341539227627,0.19092689547621455,5
fullset,94,5,128,0.6304502258409144,276.1131769828077,274.5082081077341,0.3429189920821271,5
fullset,95,5,128,0.5717651898410595,273.4697764623185,270.4930968826997,0.2006198792263907,8
fullset,96,5,128,0.3250583828914441,75.61496094325194,77.41982193150874,0.06608739715896324,6
fullset,97,5,128,0.7389971960954915,79.86919515309451,79.45331584290383,0.42473973812986493,5
fullset,98,5,128,0.3828808037617057,38.01701524064536,42.871831918161064,0.04469493566204309,6
fullset,99,5,128,0.5581056419532028,166.72376170013263,165.12158508258605,0.8529444711234107,6
fullset,100,5,128,0.5502713367658978,10.477112046501249,10.445051332189927,0.8846552237023871,5
fullset,101,5,128,0.4436136133578401,33.45968521446371,34.63007930727956,0.16319506653785656,4
fullset,102,5,128,0.9531211354681162,44.11831305090349,41.544222098316304,0.046171649630841645,5
fullset,103,5,128,0.4067823982457829,121.95296016829201,121.13361231010025,0.47936072921426615,6
fullset,104,5,128,0.8027537845604181,41.46472765191945,32.39505815294828,0.8581670641803496,5
fullset,105,5,128,0.61978633294652,235.4231892023932,233.4436411631808,0.6103520761905684,5
fullset,106,5,128,0.9638871333329777,12.308388118549384,8.770891175428721,0.19867650470513704,6
fullset,107,5,128,0.6588379686137618,75.33817406543506,67.03500008471863,0.4842536965008225,7
fullset,108,5,128,0.8174672220682703,41.06267421532226,32.19111389944962,0.9528361030497807,4
fullset,109,5,128,0.31321803678265137,12.49603418832098,14.062638724840408,0.8844935391877127,6
fullset,110,5,128,0.669412309740391,10.42217671436261,9.31591928160253,0.7230182581088763,7
fullset,111,5,128,0.4200640135076222,97.98106171768858,99.63527475533182,0.8908977348419453,8
fullset,112,5,128,0.7078557472041912,10.975330632421766,10.833758941513818,0.44794838203129195,5
fullset,113,5,128,0.6217631485004488,19.40580566393405,18.014346087798618,0.7076992806489807,6
fullset,114,5,128,0.3432461036002949,951.7659427928158,959.5565103472932,0.9508711965002435,5
fullset,115,5,128,0.37382903991256256,300.41148058571576,303.7089916395801,0.6226388485310282,6
fullset,116,5,128,0.051274034305273705,33.97676139391326,52.56062116834055,0.11608794695639732,7
fullset,117,5,128,0.16832744246610742,25.84298360609117,32.72064449505134,0.7336654158986505,6
fullset,118,5,128,0.28777072914449514,14.862127395165441,15.10160097616224,0.6066685864129385,5
fullset,119,5,128,0.13891802377040327,532.5559840276251,619.5663871552991,0.6937825299901179,7
fullset,120,5,128,0.5213929047402828,76.6243010210974,76.8238082562245,0.5074579019092522,8
fullset,121,5,128,0.7734189460520254,541.0497012340967,483.7813618543062,0.06837844904383618,8
fullset,122,5,128,0.8311514745646532,218.6423177701276,212.48098776762816,0.06782327688016196,8
fullset,123,5,128,0.4135440084031654,233.53047204558058,234.70767155405946,0.40396630156513386,6
fullset,124,5,128,0.8223522546827488,556.5429329716828,446.8992786536382,0.5419015975420098,6
fullset,125,5,128,0.3791807440425605,47.31461931785028,49.37720408207861,0.2737529925918075,6
fullset,126,5,128,0.07990382186390632,108.17900755211264,130.15382338045987,0.5803053761468616,5
fullset,127,5,128,0.34963876250570497,229.6274246954722,230.1596576526788,0.8013974586667842,8
fullset,128,5,128,0.8795294684704944,293.61780981181994,246.10587917228642,0.23585183731443873,4
fullset,129,5,128,0.3390218406123085,107.77902428785015,121.6944915809276,0.057076646824705986,5
fullset,130,5,128,0.43279711508906665,817.9990735573224,821.3606963512239,0.927614341765528,4
fullset,131,5,128,0.2559421715212528,411.5036996573921,442.123189885238,0.38161223596744476,7
fullset,132,5,128,0.16300873111056832,754.3321927796728,768.1977205740118,0.1943395736983373,8
fullset,133,5,128,0.6045255995130838,158.73944103042038,155.47978683859645,0.7684806738317868,7
fullset,134,5,128,0.8046223959853845,420.4382012230559,411.8820982936132,0.8259290401827292,4
fullset,135,5,128,0.9439911491048737,32.548004336386924,25.547313480800092,0.48787847918497046,4
fullset,136,5,128,0.4888299864878261,885.5623057351937,886.1499222179624,0.33439870133419747,7
fullset,137,5,128,0.5136067310519045,556.8038742114051,556.2996149283686,0.30804952314796213,4
fullset,138,5,128,0.7521959518262892,164.16864455747475,159.12908663995037,0.26455800538143365,4
fullset,139,5,128,0.30422152028863836,104.37508591245614,108.1151926918271,0.06545181161819444,4
fullset,140,5,128,0.5961822378633391,52.360105324186236,49.187004275623615,0.5118526990051745,5
fullset,141,5,128,0.6982635969807625,16.266741142391556,14.77776812684944,0.8833396162839238,5
fullset,142,5,128,0.372560306017481,118.37574166457944,121.0554376522743,0.7180668182585104,4
fullset,143,5,128,0.5851488905937466,160.7020026772924,160.80377539454722,0.2731093081278012,4
fullset,144,5,128,0.31485239739395393,18.55258152854149,18.916036363381775,0.4396014752309725,4
fullset,145,5,128,0.10926301638758776,55.19333119539966,69.73198105227301,0.42293934398222555,6
fullset,146,5,128,0.8991196353919984,595.6572719087868,533.9332854466559,0.11865443670853902,8
fullset,147,5,128,0.5070460006877703,122.80067729512851,123.5485860833829,0.3958731139316057,4
fullset,148,5,128,0.46813326540054107,146.67630550435,150.34009249794386,0.15524189949438819,5
fullset,149,5,128,0.5310528514980365,70.79053330617796,68.14183169310657,0.8811082531935265,6
fullset,150,5,128,0.4596799893449203,342.0640813953128,343.01713600499846,0.44165597843496285,6
fullset,151,5,128,0.4854840518655368,603.4291853229988,605.8962323669031,0.6183965111744882,6
fullset,152,5,128,0.21504896659011352,380.39903637244055,386.636610954106,0.3133845611449672,4
fullset,153,5,128,0.6864958310177776,25.767845362554425,25.485028446810297,0.9037357808819949,7
fullset,154,5,128,0.7825539619063552,149.13650500255636,146.58135694371688,0.9259069769854199,7
fullset,155,5,128,0.8066781752167622,380.54294592840046,335.58780035874986,0.18126971816047557,6
fullset,156,5,128,0.48691893798182995,20.518088209373513,20.64404978687546,0.06490598470022907,5
fullset,157,5,128,0.8272684547912715,27.082939847660434,26.001621134352067,0.6538976404151714,4
fullset,158,5,128,0.25041529890103525,147.24527672037965,166.82689161114357,0.8522969976498906,8
fullset,159,5,128,0.46330196099908494,153.09329676694168,156.62412242062592,0.15983878376259467,6
fullset,160,5,128,0.43562137283671,81.79550711159048,81.35327362521198,0.3913493113908804,4
fullset,161,5,128,0.3886548207883945,65.20596474536684,71.09845075120634,0.34935883157270076,8
fullset,162,5,128,0.6534840525252711,129.44471350134813,127.27747442638406,0.09234100164137236,4
fullset,163,5,128,0.38868489546536295,28.279934715067178,30.212526466706716,0.7334331822643121,8
fullset,164,5,128,0.4638697318163641,65.80632197039608,66.74786398715113,0.829475615887459,4
fullset,165,5,128,0.6115092703955172,15.067577662209827,14.909171731843767,0.5075472147630596,6
fullset,166,5,128,0.7523764609499994,15.841957048675415,12.922002881829412,0.04953577634170034,6
fullset,167,5,128,0.7533803444277422,302.7790403703165,289.7468802884237,0.24769944547940387,8
fullset,168,5,128,0.5001294118499153,110.43716703370949,109.29729614438372,0.8939004458487863,8
fullset,169,5,128,0.27844065517830163,308.86666774104157,325.0271710585164,0.3629710284133848,5
fullset,170,5,128,0.6682841892771167,33.87838757607409,30.56978276939609,0.7607493846531949,4
fullset,171,5,128,0.6333606285968159,14.652605714331381,14.293515221064693,0.46995700312577693,7
fullset,172,5,128,0.07670277102203522,342.9958888172605,392.52839519288426,0.7856589774953547,8
fullset,173,5,128,0.40370568304683463,173.4227664303978,178.45501089568967,0.0670336007441519,4
fullset,174,5,128,0.26194616776582946,457.5456094036551,554.4181268449514,0.4624703546781136,4
fullset,175,5,128,0.34701147352652284,238.31108795228823,255.27522919978324,0.12338515663298787,6
fullset,176,5,128,0.347523665034789,600.3789776639982,605.9389091073107,0.6873983940102165,4
fullset,177,5,128,0.44235246094482095,123.53143438156545,123.70395064287749,0.1767413859788334,6
fullset,178,5,128,0.926831855791393,16.264491031501052,15.773233047243956,0.2702319776149028,5
fullset,179,5,128,0.3357744776941668,14.413305602822694,16.001504009317426,0.9274136839588913,6
fullset,180,5,128,0.7474151799831786,95.82100347815243,83.6433267946214,0.5058123552570555,6
fullset,181,5,128,0.8194700161884553,85.23571319332022,72.93644246191086,0.9388282666328137,7
fullset,182,5,128,0.0840295943474628,30.82071928228034,34.575596741938966,0.045230737556813255,8
fullset,183,5,128,0.3409783268497062,270.52934003801954,306.91060732842243,0.6365346740679145,7
fullset,184,5,128,0.7232704397517199,301.996304687072,266.766757933773,0.6942727695597719,6
fullset,185,5,128,0.5448649493930202,95.59010165043821,95.3231188569624,0.7442259847577164,4
fullset,186,5,128,0.032481820123933546,17.44841052868248,19.641512803007327,0.18682178651315826,5
fullset,187,5,128,0.544951688912864,29.415707230988243,29.0947057516254,0.28380534853780115,7
fullset,188,5,128,0.5146554988296008,13.588062906688723,13.553912904872176,0.5779975426189269,6
fullset,189,5,128,0.8904115553961949,114.0742289128072,78.3620984799867,0.7779085263367747,5
fullset,190,5,128,0.981355245214318,126.68973236535348,92.36575125770163,0.053652744105017934,4
fullset,191,5,128,0.4682531646707148,128.0358112920881,128.28116041016503,0.5631345226385632,6
fullset,192,5,128,0.6935957715337876,25.197476061139273,24.90172148676859,0.6332879720658668,4
fullset,193,5,128,0.9897614195541835,11.751395713512942,6.792177775775707,0.6609563550551186,4
fullset,194,5,128,0.2875932862645273,36.28774924124168,37.30477488122701,0.11465911182941546,7
fullset,195,5,128,0.3248222699859947,209.72908016839148,226.39880050464183,0.15840275503406115,7
fullset,196,5,128,0.5179398561432631,511.7646099629058,502.74402744334463,0.6629581595099201,6
fullset,197,5,128,0.35642321686046974,373.7665445950453,377.04992182116007,0.3232193430863218,8
fullset,198,5,128,0.8976543988780253,261.7454814558934,188.50930157611919,0.6792581958434797,5
fullset,199,5,128,0.8139469631322367,644.6227424178377,573.0347438631959,0.9277141063222059,4
width0,0,1,128,0.48955842879157346,42.04001903728689,42.06168731024114,0.5138068538537492,8
width0,1,1,128,0.2053098134694655,405.56777942532847,422.6772162871208,0.30862406639884127,6
width0,2,1,128,0.009641671121391903,440.37759626306575,484.4753878949786,0.43989047546013815,4
width0,3,1,128,0.7541748145071491,471.67492248322947,450.654363996367,0.04668778024117817,8
width0,4,1,128,0.109212499555471,470.0511193382699,585.7613825227918,0.3783797151838524,7
width0,5,1,128,0.07136036313744507,138.3322860291453,171.7025074874221,0.36756781704230107,4
width0,6,1,128,0.5412655636408352,912.6703048109941,896.2717267805004,0.13056909989704993,7
width0,7,1,128,0.9532672354522785,553.9336020824989,458.04257526043006,0.3390111625556667,7
width0,8,1,128,0.8528949704518777,268.9297925388541,233.48487170220423,0.5446761721297534,6
width0,9,1,128,0.6828079867766476,18.91235962762073,18.26131635847671,0.7039012559488517,5
width0,10,1,128,0.7309754561563057,100.77876071841568,99.87922443980733,0.8187862683560618,7
width0,11,1,128,0.9192688402836906,175.98073759337345,145.28019594738925,0.06995768445072281,7
width0,12,1,128,0.4434041848261552,159.95550705188143,160.41017715368218,0.6953804695849576,7
width0,13,1,128,0.6050344886632629,37.75667093224563,37.558249033938466,0.9313546138897566,4
width0,14,1,128,0.5217025846909613,186.89814351027192,183.10858094698347,0.5994520525237279,6
width0,15,1,128,0.2816768710173898,386.4575109736077,406.54072409831065,0.9368501309338981,6
width0,16,1,128,0.4201440527214269,71.66807617990827,73.60395556819601,0.16269143022671462,4
width0,17,1,128,0.8432296987717212,11.165483643283768,9.546638324369047,0.7063782730018534,5
width0,18,1,128,0.26609753750244614,229.48578356224397,236.15291030617144,0.04783043572328079,6
width0,19,1,128,0.2148973728062117,120.44802069842022,134.41572052412465,0.4691201235181304,5
width0,20,1,128,0.976028302319471,260.1018602747347,188.8416238299997,0.5998168622526096,5
width0,21,1,128,0.31114852924629344,56.429382234419315,64.24370618170735,0.8299475912568897,6
width0,22,1,128,0.3700320518250875,19.005581349738463,19.272316916251278,0.2520359720876651,4
width0,23,1,128,0.8844657478119657,40.91832550690633,35.228740847638356,0.7861671464530526,6
width0,24,1,128,0.8086881001919628,11.467800779584469,10.902782902835385,0.2959901306616843,8
width0,25,1,128,0.9402451227062989,353.8444346972757,338.3520590982616,0.4789219654072865,6
width0,26,1,128,0.6709355652120037,138.95980855567018,129.00510019571138,0.19366573931883363,6
width0,27,1,128,0.3324303077210322,271.8530275019222,274.2046894971809,0.9443742395754123,4
width0,28,1,128,0.3899609751336924,84.1831992102088,90.2663662203158,0.6897423395052663,8
width0,29,1,128,0.6723176536543829,107.60866755095644,107.30732613354229,0.9105792351203675,4
width0,30,1,128,0.4419168897259533,38.43139151791417,38.963063608063095,0.7770124462629501,4
width0,31,1,128,0.9321461909031774,15.402680236988381,12.090469372303836,0.40310943992701787,4
width0,32,1,128,0.2021664850352607,668.1510335035726,740.3202106999853,0.15487995194445436,7
width0,33,1,128,0.6726717503630786,160.99679709012796,152.37246429562867,0.8428631620714252,8
width0,34,1,128,0.5200682973306862,42.50327485059843,42.350697264191574,0.6571920917583647,8
width0,35,1,128,0.42526774488140884,273.9449489485184,295.2233960650237,0.5007170282853667,8
width0,36,1,128,0.36383789534012256,40.36659974896469,40.874915819222736,0.6042513645341341,8
width0,37,1,128,0.7712852092439372,249.82212535729957,234.52831312674832,0.7377227452113416,7
width0,38,1,128,0.20900497127499532,931.976237317928,1026.032959909855,0.3101024934663832,6
width0,39,1,128,0.8551758402453287,115.41874673525996,113.55237554040446,0.5584280139568378,5
width0,40,1,128,0.2765858909306182,50.7942326522589,51.657275522418146,0.6541893136003376,7
width0,41,1,128,0.8913927918997464,87.69270784524758,67.47970890563195,0.34869586805143005,8
width0,42,1,128,0.27351965059663413,48.64843817895837,50.84538431402784,0.9307873022577259,6
width0,43,1,128,0.8138275339903354,906.5520662336886,890.4729651817478,0.26317289751154227,7
width0,44,1,128,0.32726374315055123,214.15130492828192,224.14211709807847,0.9090813692230463,4
width0,45,1,128,0.9642792230337389,15.041257300473328,13.879347273427802,0.5645932009714324,4
width0,46,1,128,0.25084985967172846,29.284182288072873,29.627262408477655,0.28497529238238467,5
width0,47,1,128,0.39369292934154954,15.556456130802713,15.921925895684746,0.07464010510059471,8
width0,48,1,128,0.5820745709310019,157.40837461956292,154.17207004717946,0.2496062378108125,7
width0,49,1,128,0.07687938756072761,12.467591457452123,20.46022675189741,0.30208139580464605,8
width0,50,1,128,0.26876124105161253,31.899798165643908,37.27784026189531,0.07334040266663405,8
width0,51,1,128,0.2925907323652451,363.8699418670946,368.51971648106877,0.23943558565900203,5
width0,52,1,128,0.5296308589380548,19.093665850528318,19.07288251966914,0.5259820550813477,4
width0,53,1,128,0.6578505959824208,771.3922728142618,726.142916976997,0.14912006714745868,4
width0,54,1,128,0.9532788695503774,13.736918996711728,9.651634966429375,0.14294825907293113,7
width0,55,1,128,0.9741325506690904,54.11994510394365,35.50130202422942,0.47820301651042507,7
width0,56,1,128,0.15521981441790764,539.8730382545974,546.1346523377256,0.9471342080642488,4
width0,57,1,128,0.9151943673095528,122.86986370308324,97.25450212075705,0.0416936758166874,7
width0,58,1,128,0.21470301895921975,65.6785030779881,69.50219374545013,0.89641161383701,4
width0,59,1,128,0.35255570679016063,84.022408150437,84.50294622144067,0.1150759396918496,7
width0,60,1,128,0.5232126882522953,203.07284997673568,201.68650928361026,0.4974315041238076,7
width0,61,1,128,0.6683934954395296,10.342374212539081,9.550439429827971,0.11389753517056475,6
width0,62,1,128,0.44502484403800013,50.600524440170716,50.487318453434305,0.3185041513013147,8
width0,63,1,128,0.8223476763749131,271.4115146866796,244.3555360470695,0.8221092541596617,6
width0,64,1,128,0.9798798671243829,893.2594997497705,675.5560529053658,0.4864857215555903,6
width0,65,1,128,0.7141143029246442,393.62882722847576,389.5831221293551,0.34919841867485457,5
width0,66,1,128,0.9085177115743538,32.71608868737658,28.293502158853645,0.16322596143881307,6
width0,67,1,128,0.7915148032956961,609.1329413755983,535.9365241818102,0.565962454119856,6
width0,68,1,128,0.6892615172538565,95.24330584341551,94.15478961127786,0.2648629010025901,5
width0,69,1,128,0.42077314557439044,18.513571521439097,19.385163017983903,0.17880181943224574,4
width0,70,1,128,0.6775923052709659,59.64473103546059,53.684828494171775,0.4622273001066938,8
width0,71,1,128,0.662310792154312,81.29980482896072,80.85371465039147,0.4981025626201815,4
width0,72,1,128,0.4423844111736601,193.9135605833003,194.08253931294558,0.335893581982132,7
width0,73,1,128,0.18544020028879282,508.3445876371816,516.9351268063343,0.49672765188650375,8
width0,74,1,128,0.24937342059671794,957.8360489656862,1059.0703901212423,0.8060445120790345,8
width0,75,1,128,0.2808890159562116,315.0526652866886,324.06846937529724,0.06958850673933596,8
width0,76,1,128,0.7111104844104701,109.84179218480664,106.76820510674573,0.8030428770303094,5
width0,77,1,128,0.8971836947623227,205.51274441271605,176.78704182122,0.6271003561634259,7
width0,78,1,128,0.8572470512803012,41.05776653582944,30.685963339590277,0.5313760955545864,4
width0,79,1,128,0.14152315868244852,627.1103975342703,658.4850365133198,0.5528990207567271,4
width0,80,1,128,0.48880760496347986,90.32112676697733,90.62160212162661,0.22004582045827342,4
width0,81,1,128,0.5859327943872995,262.39557119746894,261.1967275577249,0.8432249313435967,7
width0,82,1,128,0.7806838262449003,504.93194438963485,502.0172893745863,0.09790092621174366,6
width0,83,1,128,0.5991837053134569,16.998421828648617,16.91383235048931,0.9552227389194405,5
width0,84,1,128,0.1855004153546595,175.2698325883774,212.8031867052626,0.48547739345930857,7
width0,85,1,128,0.3971259158578228,23.2546730694886,23.3851158922448,0.6152902459086241,8
width0,86,1,128,0.3048110684773245,224.34737554679748,226.82704705563575,0.650369547171713,7
width0,87,1,128,0.025685255628297467,293.7094393293922,309.9930349514851,0.12382537172034304,8
width0,88,1,128,0.9346989244050955,19.092226700778582,14.690997917784408,0.6518188600889284,8
width0,89,1,128,0.5013216236106208,929.3753371483011,919.236936020538,0.7393149793680376,7
width0,90,1,128,0.5858222301592064,413.47115585175635,397.83441170714764,0.06191635976115943,7
width0,91,1,128,0.21803594405807877,40.09251545275749,47.16693133754369,0.815763151748997,5
width0,92,1,128,0.37979486824903236,211.9601610660659,213.2907521355854,0.3640362406570493,8
width0,93,1,128,0.7261271460213489,77.42821003944042,76.38966767992065,0.19092689547621455,5
width0,94,1,128,0.6570617038347367,276.1131769828077,275.1613589910957,0.3429189920821271,5
width0,95,1,128,0.5053299889333095,273.4697764623185,276.492773896416,0.2006198792263907,8
width0,96,1,128,0.31093061336075817,75.61496094325194,75.73738174031956,0.06608739715896324,6
width0,97,1,128,0.7072463831707738,79.86919515309451,78.70471156120782,0.42473973812986493,5
width0,98,1,128,0.6945819331351138,38.01701524064536,33.912991150657966,0.04469493566204309,6
width0,99,1,128,0.5841934288427431,166.72376170013263,163.7262240780862,0.8529444711234107,6
width0,100,1,128,0.6328008682778167,10.477112046501249,10.407533484898389,0.8846552237023871,5
width0,101,1,128,0.39718189400967,33.45968521446371,35.34332565656983,0.16319506653785656,4
width0,102,1,128,0.9397631305800832,44.11831305090349,41.68615678793185,0.046171649630841645,5
width0,103,1,128,0.3636286403505511,121.95296016829201,122.71060779433188,0.47936072921426615,6
width0,104,1,128,0.4185541616213829,41.46472765191945,42.00668905631352,0.8581670641803496,5
width0,105,1,128,0.545720142770389,235.4231892023932,234.84370467606044,0.6103520761905684,5
width0,106,1,128,0.9705563522167578,12.308388118549384,8.68158272246459,0.19867650470513704,6
width0,107,1,128,0.6961626401349785,75.33817406543506,61.137137069827524,0.4842536965008225,7
width0,108,1,128,0.09264054222817113,41.06267421532226,45.046953051352524,0.9528361030497807,4
width0,109,1,128,0.15075579287515106,12.49603418832098,14.421348837547395,0.8844935391877127,6
width0,110,1,128,0.882741904515408,10.42217671436261,8.461354275102403,0.7230182581088763,7
width0,111,1,128,0.7963744026188604,97.98106171768858,95.59482289230694,0.8908977348419453,8
width0,112,1,128,0.7180700357378789,10.975330632421766,10.849469495322285,0.44794838203129195,5
width0,113,1,128,0.7124443832933549,19.40580566393405,17.044483071360016,0.7076992806489807,6
width0,114,1,128,0.6891521816815773,951.7659427928158,942.7154383454034,0.9508711965002435,5
width0,115,1,128,0.5162436064027659,300.41148058571576,298.1495738089336,0.6226388485310282,6
width0,116,1,128,0.057727735225462075,33.97676139391326,52.748971153125346,0.11608794695639732,7
width0,117,1,128,0.20409049560291578,25.84298360609117,30.98774385539536,0.7336654158986505,6
width0,118,1,128,0.43046598922260265,14.862127395165441,14.736072350388365,0.6066685864129385,5
width0,119,1,128,0.18072348944032263,532.5559840276251,588.9386840188889,0.6937825299901179,7
width0,120,1,128,0.7046541549200749,76.6243010210974,72.02028382565119,0.5074579019092522,8
width0,121,1,128,0.7999188774795779,541.0497012340967,482.5401832298653,0.06837844904383618,8
width0,122,1,128,0.8417376456007666,218.6423177701276,213.77715296464675,0.06782327688016196,8
width0,123,1,128,0.45482993192904964,233.53047204558058,235.9340589376548,0.40396630156513386,6
width0,124,1,128,0.8266520475088408,556.5429329716828,434.9399862331035,0.5419015975420098,6
width0,125,1,128,0.42811821148362716,47.31461931785028,48.34382958498234,0.2737529925918075,6
width0,126,1,128,0.011744148339915205,108.17900755211264,131.77314016282065,0.5803053761468616,5
width0,127,1,128,0.515063204329683,229.6274246954722,228.38896604420682,0.8013974586667842,8
width0,128,1,128,0.8263485060801852,293.61780981181994,258.4690123126663,0.23585183731443873,4
width0,129,1,128,0.24512698891414467,107.77902428785015,125.88971979300311,0.057076646824705986,5
width0,130,1,128,0.6856507728805493,817.9990735573224,810.4324806387383,0.927614341765528,4
width0,131,1,128,0.384116119353447,411.5036996573921,423.3517842827456,0.38161223596744476,7
width0,132,1,128,0.1121901725196348,754.3321927796728,776.7119441324113,0.1943395736983373,8
width0,133,1,128,0.5176108249433578,158.73944103042038,159.16838481316913,0.7684806738317868,7
width0,134,1,128,0.7933231151193574,420.4382012230559,409.93282744128135,0.8259290401827292,4
width0,135,1,128,0.8439007950084876,32.548004336386924,26.610503350197405,0.48787847918497046,4
width0,136,1,128,0.5423854567048997,885.5623057351937,882.3894027343623,0.33439870133419747,7
width0,137,1,128,0.4844951108983767,556.8038742114051,550.9380703845919,0.30804952314796213,4
width0,138,1,128,0.7430286872377869,164.16864455747475,162.10557265919482,0.26455800538143365,4
width0,139,1,128,0.24472485795422605,104.37508591245614,111.61070219177068,0.06545181161819444,4
width0,140,1,128,0.5798968959753358,52.360105324186236,49.64023082958696,0.5118526990051745,5
width0,141,1,128,0.38983696828406067,16.266741142391556,16.962741981723866,0.8833396162839238,5
width0,142,1,128,0.3037137395156846,118.37574166457944,119.5556208663528,0.7180668182585104,4
width0,143,1,128,0.6107309983198174,160.7020026772924,159.76322204664578,0.2731093081278012,4
width0,144,1,128,0.3926276031545773,18.55258152854149,18.45415710399404,0.4396014752309725,4
width0,145,1,128,0.11782641663810714,55.19333119539966,69.55706897231272,0.42293934398222555,6
width0,146,1,128,0.9384575552189445,595.6572719087868,531.5765279371786,0.11865443670853902,8
width0,147,1,128,0.6976530037063225,122.80067729512851,121.57904094200921,0.3958731139316057,4
width0,148,1,128,0.45356382861572725,146.67630550435,151.11767084628312,0.15524189949438819,5
width0,149,1,128,0.5323580976747134,70.79053330617796,70.03846761085576,0.8811082531935265,6
width0,150,1,128,0.4645980667079858,342.0640813953128,341.8395518682667,0.44165597843496285,6
width0,151,1,128,0.6415962464849609,603.4291853229988,594.8052524800135,0.6183965111744882,6
width0,152,1,128,0.16832014332740783,380.39903637244055,392.6131166695138,0.3133845611449672,4
width0,153,1,128,0.6982765843288116,25.767845362554425,25.502570681132358,0.9037357808819949,7
width0,154,1,128,0.7224946080059226,149.13650500255636,147.48501268888776,0.9259069769854199,7
width0,155,1,128,0.8256361175239539,380.54294592840046,330.66925018126165,0.18126971816047557,6
width0,156,1,128,0.4638012757649473,20.518088209373513,20.695377290757005,0.06490598470022907,5
width0,157,1,128,0.8392246861369662,27.082939847660434,26.186871255802334,0.6538976404151714,4
width0,158,1,128,0.7326272945949798,147.24527672037965,144.48817921471345,0.8522969976498906,8
width0,159,1,128,0.4784440922336999,153.09329676694168,154.47175205894226,0.15983878376259467,6
width0,160,1,128,0.3981948506370921,81.79550711159048,82.08499425228425,0.3913493113908804,4
width0,161,1,128,0.699421196427751,65.20596474536684,58.41559439500226,0.34935883157270076,8
width0,162,1,128,0.6646138335268765,129.44471350134813,127.618470881155,0.09234100164137236,4
width0,163,1,128,0.8961583621111118,28.279934715067178,25.105828304183287,0.7334331822643121,8
width0,164,1,128,0.420319975071221,65.80632197039608,66.07038520774582,0.829475615887459,4
width0,165,1,128,0.40965789538929165,15.067577662209827,15.26903483174142,0.5075472147630596,6
width0,166,1,128,0.765110592987731,15.841957048675415,12.82080007824023,0.04953577634170034,6
width0,167,1,128,0.8555145719248209,302.7790403703165,294.28849045620615,0.24769944547940387,8
width0,168,1,128,0.5518365782825592,110.43716703370949,110.85022870183059,0.8939004458487863,8
width0,169,1,128,0.23514366429085767,308.86666774104157,325.80052419559297,0.3629710284133848,5
width0,170,1,128,0.27122484421864457,33.87838757607409,38.11030105958329,0.7607493846531949,4
width0,171,1,128,0.7723940764283146,14.652605714331381,14.454407608881345,0.46995700312577693,7
width0,172,1,128,0.26657981871024994,342.9958888172605,379.0228733031528,0.7856589774953547,8
width0,173,1,128,0.34928169337245196,173.4227664303978,180.65516004843272,0.0670336007441519,4
width0,174,1,128,0.07536094598033263,457.5456094036551,570.457967157895,0.4624703546781136,4
width0,175,1,128,0.35753718279210395,238.31108795228823,256.980022337314,0.12338515663298787,6
width0,176,1,128,0.17924576442879983,600.3789776639982,610.2559574914698,0.6873983940102165,4
width0,177,1,128,0.33175805060717695,123.53143438156545,124.69678348812465,0.1767413859788334,6
width0,178,1,128,0.8782608684010771,16.264491031501052,15.999125181716954,0.2702319776149028,5
width0,179,1,128,0.18119250905852735,14.413305602822694,16.179782971732752,0.9274136839588913,6
width0,180,1,128,0.7865550625690461,95.82100347815243,81.22079032048866,0.5058123552570555,6
width0,181,1,128,0.7860474409214563,85.23571319332022,83.35593424218384,0.9388282666328137,7
width0,182,1,128,0.15374654005491134,30.82071928228034,33.14979431767645,0.045230737556813255,8
width0,183,1,128,0.5190577081491016,270.52934003801954,267.7010575654548,0.6365346740679145,7
width0,184,1,128,0.8330844115780527,301.996304687072,266.81053158439494,0.6942727695597719,6
width0,185,1,128,0.5766969665428673,95.59010165043821,95.17536923155527,0.7442259847577164,4
width0,186,1,128,0.029362182811604347,17.44841052868248,20.06902700357466,0.18682178651315826,5
width0,187,1,128,0.5815746870913393,29.415707230988243,28.905685939277873,0.28380534853780115,7
width0,188,1,128,0.3674015295512522,13.588062906688723,13.83681753168099,0.5779975426189269,6
width0,189,1,128,0.9833746903301553,114.0742289128072,99.64333521058616,0.7779085263367747,5
width0,190,1,128,0.9621016053506515,126.68973236535348,95.56829770883003,0.053652744105017934,4
width0,191,1,128,0.16123188914541534,128.0358112920881,130.2459081251798,0.5631345226385632,6
width0,192,1,128,0.8044228863959629,25.197476061139273,24.806867598619064,0.6332879720658668,4
width0,193,1,128,0.9306465585658941,11.751395713512942,8.94256737032578,0.6609563550551186,4
width0,194,1,128,0.2778578956403841,36.28774924124168,37.284524314309145,0.11465911182941546,7
width0,195,1,128,0.37115808758003516,209.72908016839148,220.47925046569128,0.15840275503406115,7
width0,196,1,128,0.6237661597026406,511.7646099629058,465.4049440563896,0.6629581595099201,6
width0,197,1,128,0.25216632572734865,373.7665445950453,378.45126230711855,0.3232193430863218,8
width0,198,1,128,0.8688209901846813,261.7454814558934,209.8852276074567,0.6792581958434797,5
width0,199,1,128,0.05800928536405749,644.6227424178377,688.5250903895483,0.9277141063222059,4
width1,0,3,128,0.3905181935470873,42.04001903728689,42.59914973184423,0.5138068538537492,8
width1,1,3,128,0.2058394337797615,405.56777942532847,421.85125723022986,0.30862406639884127,6
width1,2,3,128,0.01934844826691992,440.37759626306575,486.79382672802683,0.43989047546013815,4
width1,3,3,128,0.7768813121803998,471.67492248322947,455.0419591163008,0.04668778024117817,8
width1,4,3,128,0.10826442081931599,470.0511193382699,584.5662865845447,0.3783797151838524,7
width1,5,3,128,0.07471523281795471,138.3322860291453,170.8373302348573,0.36756781704230107,4
width1,6,3,128,0.5372526674532186,912.6703048109941,888.1010779726594,0.13056909989704993,7
width1,7,3,128,0.9496062286223697,553.9336020824989,457.15683331899544,0.3390111625556667,7
width1,8,3,128,0.811183166268928,268.9297925388541,233.85468800251465,0.5446761721297534,6
width1,9,3,128,0.5452128047031631,18.91235962762073,18.66933872762301,0.7039012559488517,5
width1,10,3,128,0.6694453596220634,100.77876071841568,98.8080049427203,0.8187862683560618,7
width1,11,3,128,0.9189949324208005,175.98073759337345,145.9101134977967,0.06995768445072281,7
width1,12,3,128,0.3628416187064647,159.95550705188143,161.22607247101246,0.6953804695849576,7
width1,13,3,128,0.39927303664150327,37.75667093224563,38.059171463817464,0.9313546138897566,4
width1,14,3,128,0.3067389051126486,186.89814351027192,205.40940451105047,0.5994520525237279,6
width1,15,3,128,0.3654940748291948,386.4575109736077,403.36778252206125,0.9368501309338981,6
width1,16,3,128,0.4050840410799448,71.66807617990827,72.09742005653564,0.16269143022671462,4
width1,17,3,128,0.763510280089001,11.165483643283768,9.880273085122871,0.7063782730018534,5
width1,18,3,128,0.3270027136914375,229.48578356224397,236.2437590497384,0.04783043572328079,6
width1,19,3,128,0.20217452131115685,120.44802069842022,135.45276227474,0.4691201235181304,5
width1,20,3,128,0.9427276577807617,260.1018602747347,201.0344821111037,0.5998168622526096,5
width1,21,3,128,0.28257263624176315,56.429382234419315,65.10774503362448,0.8299475912568897,6
width1,22,3,128,0.3762885941062338,19.005581349738463,19.158138352227464,0.2520359720876651,4
width1,23,3,128,0.7916642845404573,40.91832550690633,34.861306376942764,0.7861671464530526,6
width1,24,3,128,0.800632807819549,11.467800779584469,10.883918712079575,0.2959901306616843,8
width1,25,3,128,0.9148990305111429,353.8444346972757,337.592872173963,0.4789219654072865,6
width1,26,3,128,0.6640232691222139,138.95980855567018,129.97133280317652,0.19366573931883363,6
width1,27,3,128,0.6222533063160386,271.8530275019222,269.9070475911169,0.9443742395754123,4
width1,28,3,128,0.3724480557714936,84.1831992102088,92.26410281043347,0.6897423395052663,8
width1,29,3,128,0.810463604260625,107.60866755095644,106.05119354640509,0.9105792351203675,4
width1,30,3,128,0.4814800668519411,38.43139151791417,38.47268733292938,0.7770124462629501,4
width1,31,3,128,0.8957436736383628,15.402680236988381,12.731865308378936,0.40310943992701787,4
width1,32,3,128,0.19981843169776167,668.1510335035726,730.2553832218654,0.15487995194445436,7
width1,33,3,128,0.5827337983068122,160.99679709012796,155.94384437138814,0.8428631620714252,8
width1,34,3,128,0.49745469053346286,42.50327485059843,42.05142840916539,0.6571920917583647,8
width1,35,3,128,0.4197160277410421,273.9449489485184,293.34279308996344,0.5007170282853667,8
width1,36,3,128,0.3654638179381831,40.36659974896469,40.90860592245819,0.6042513645341341,8
width1,37,3,128,0.7240903062974068,249.82212535729957,233.06646442097255,0.7377227452113416,7
width1,38,3,128,0.20086751876875245,931.976237317928,1029.46847100849,0.3101024934663832,6
width1,39,3,128,0.8368177029689309,115.41874673525996,113.27911098710723,0.5584280139568378,5
width1,40,3,128,0.4599610454415502,50.7942326522589,50.866819916725376,0.6541893136003376,7
width1,41,3,128,0.885837360948214,87.69270784524758,67.1826695422976,0.34869586805143005,8
width1,42,3,128,0.4284142271269031,48.64843817895837,49.07160536550074,0.9307873022577259,6
width1,43,3,128,0.7960923213484479,906.5520662336886,874.5830181751192,0.26317289751154227,7
width1,44,3,128,0.4394440300675262,214.15130492828192,216.91455412459067,0.9090813692230463,4
width1,45,3,128,0.9036979929960761,15.041257300473328,13.803060361853374,0.5645932009714324,4
width1,46,3,128,0.2622758505467873,29.284182288072873,29.696505715147367,0.28497529238238467,5
width1,47,3,128,0.39429329190123286,15.556456130802713,16.002218192544458,0.07464010510059471,8
width1,48,3,128,0.573098335187583,157.40837461956292,152.1085212894435,0.2496062378108125,7
width1,49,3,128,0.07468210769210631,12.467591457452123,20.1721160330127,0.30208139580464605,8
width1,50,3,128,0.2710767803790849,31.899798165643908,37.91331543269172,0.07334040266663405,8
width1,51,3,128,0.3432330101636501,363.8699418670946,367.21974251014643,0.23943558565900203,5
width1,52,3,128,0.688000594368347,19.093665850528318,18.875091963340367,0.5259820550813477,4
width1,53,3,128,0.6329718072670434,771.3922728142618,732.2431552337212,0.14912006714745868,4
width1,54,3,128,0.952212689899866,13.736918996711728,9.718576444513742,0.14294825907293113,7
width1,55,3,128,0.9674624563819157,54.11994510394365,36.503261770349305,0.47820301651042507,7
width1,56,3,128,0.6677880554023033,539.8730382545974,478.6085997074287,0.9471342080642488,4
width1,57,3,128,0.8855328478649099,122.86986370308324,96.5555330950069,0.0416936758166874,7
width1,58,3,128,0.5097533177701973,65.6785030779881,65.59880537535527,0.89641161383701,4
width1,59,3,128,0.3362641190203746,84.022408150437,84.87839701849231,0.1150759396918496,7
width1,60,3,128,0.4836407025217863,203.07284997673568,203.1503783122241,0.4974315041238076,7
width1,61,3,128,0.6642644578507487,10.342374212539081,9.624764483034001,0.11389753517056475,6
width1,62,3,128,0.44707127531838375,50.600524440170716,50.30032884372745,0.3185041513013147,8
width1,63,3,128,0.7560424735709839,271.4115146866796,235.20703107962348,0.8221092541596617,6
width1,64,3,128,0.9627472385233494,893.2594997497705,674.8357928573688,0.4864857215555903,6
width1,65,3,128,0.6701367153365313,393.62882722847576,390.2917779474334,0.34919841867485457,5
width1,66,3,128,0.9063281447121199,32.71608868737658,28.02279424055502,0.16322596143881307,6
width1,67,3,128,0.7281320018580756,609.1329413755983,535.3651227933232,0.565962454119856,6
width1,68,3,128,0.6924699588492665,95.24330584341551,94.97938088003215,0.2648629010025901,5
width1,69,3,128,0.4170862949250063,18.513571521439097,19.31355190701817,0.17880181943224574,4
width1,70,3,128,0.6769046883334046,59.64473103546059,54.37081091121095,0.4622273001066938,8
width1,71,3,128,0.7666574992886447,81.29980482896072,78.35230107266852,0.4981025626201815,4
width1,72,3,128,0.44134297977920584,193.9135605833003,197.24953603991364,0.335893581982132,7
width1,73,3,128,0.38131513639036063,508.3445876371816,511.61336942826676,0.49672765188650375,8
width1,74,3,128,0.2654224700466219,957.8360489656862,1071.8514575805382,0.8060445120790345,8
width1,75,3,128,0.28503863532128315,315.0526652866886,327.6420112463537,0.06958850673933596,8
width1,76,3,128,0.24527860552595052,109.84179218480664,142.4457755978841,0.8030428770303094,5
width1,77,3,128,0.8660396896657393,205.51274441271605,176.8830612256901,0.6271003561634259,7
width1,78,3,128,0.8470709439800765,41.05776653582944,31.571437364800147,0.5313760955545864,4
width1,79,3,128,0.19137434814432702,627.1103975342703,651.6563821884249,0.5528990207567271,4
width1,80,3,128,0.477176865729816,90.32112676697733,89.28338959168137,0.22004582045827342,4
width1,81,3,128,0.32845128461568546,262.39557119746894,264.94303415818126,0.8432249313435967,7
width1,82,3,128,0.7919775485837109,504.93194438963485,490.234783156165,0.09790092621174366,6
width1,83,3,128,0.3191952715603394,16.998421828648617,17.17280459847927,0.9552227389194405,5
width1,84,3,128,0.1829809846859666,175.2698325883774,212.87333530973333,0.48547739345930857,7
width1,85,3,128,0.4185322271619772,23.2546730694886,23.3581224032537,0.6152902459086241,8
width1,86,3,128,0.3310502646297731,224.34737554679748,229.53531008040346,0.650369547171713,7
width1,87,3,128,0.03697757609465162,293.7094393293922,308.2726783620227,0.12382537172034304,8
width1,88,3,128,0.9175900383598431,19.092226700778582,15.50811679218856,0.6518188600889284,8
width1,89,3,128,0.4975472481845236,929.3753371483011,917.6551660041087,0.7393149793680376,7
width1,90,3,128,0.5866038992977558,413.47115585175635,398.61277663210313,0.06191635976115943,7
width1,91,3,128,0.2832704364552257,40.09251545275749,45.86684494133918,0.815763151748997,5
width1,92,3,128,0.584271116911908,211.9601610660659,210.40861572534058,0.3640362406570493,8
width1,93,3,128,0.7396337600550169,77.42821003944042,75.91680573032095,0.19092689547621455,5
width1,94,3,128,0.649395054745997,276.1131769828077,276.5433755840851,0.3429189920821271,5
width1,95,3,128,0.5564141607849687,273.4697764623185,270.985831806872,0.2006198792263907,8
width1,96,3,128,0.3189371115475922,75.61496094325194,77.16237142507592,0.06608739715896324,6
width1,97,3,128,0.711059568433123,79.86919515309451,79.05912217651797,0.42473973812986493,5
width1,98,3,128,0.5481905092881217,38.01701524064536,36.57097626339258,0.04469493566204309,6
width1,99,3,128,0.5996438663929851,166.72376170013263,162.87934409412324,0.8529444711234107,6
width1,100,3,128,0.6783359645975782,10.477112046501249,10.371756429520989,0.8846552237023871,5
width1,101,3,128,0.39009624078478083,33.45968521446371,35.78388324526911,0.16319506653785656,4
width1,102,3,128,0.9566539822592063,44.11831305090349,41.68972737095068,0.046171649630841645,5
width1,103,3,128,0.3603168570610081,121.95296016829201,123.08575128159762,0.47936072921426615,6
width1,104,3,128,0.6079961156931216,41.46472765191945,39.81872358516439,0.8581670641803496,5
width1,105,3,128,0.2976953356752235,235.4231892023932,238.6861640752268,0.6103520761905684,5
width1,106,3,128,0.9684265173116591,12.308388118549384,8.71065164613675,0.19867650470513704,6
width1,107,3,128,0.7021524933192759,75.33817406543506,60.61212310893153,0.4842536965008225,7
width1,108,3,128,0.3305682406817356,41.06267421532226,42.34635149843147,0.9528361030497807,4
width1,109,3,128,0.23772619886936702,12.49603418832098,14.538068810715082,0.8844935391877127,6
width1,110,3,128,0.858968942231116,10.42217671436261,8.780286533866557,0.7230182581088763,7
width1,111,3,128,0.6282730522144975,97.98106171768858,95.04067285736039,0.8908977348419453,8
width1,112,3,128,0.7266169623578164,10.975330632421766,10.8289579832421,0.44794838203129195,5
width1,113,3,128,0.6907420623571789,19.40580566393405,17.571217840575198,0.7076992806489807,6
width1,114,3,128,0.6863458328090433,951.7659427928158,957.1496086282895,0.9508711965002435,5
width1,115,3,128,0.36604024488442694,300.41148058571576,298.6218124234584,0.6226388485310282,6
width1,116,3,128,0.057390876528092,33.97676139391326,52.138705575406995,0.11608794695639732,7
width1,117,3,128,0.18403543627980248,25.84298360609117,31.992363490193824,0.7336654158986505,6
width1,118,3,128,0.36406691671958624,14.862127395165441,14.977180621898757,0.6066685864129385,5
width1,119,3,128,0.20184671543952323,532.5559840276251,565.594746288199,0.6937825299901179,7
width1,120,3,128,0.6708773273103489,76.6243010210974,74.64100333706699,0.5074579019092522,8
width1,121,3,128,0.7991189005002776,541.0497012340967,483.0579831141479,0.06837844904383618,8
width1,122,3,128,0.8057743750680648,218.6423177701276,215.7072235941753,0.06782327688016196,8
width1,123,3,128,0.4370666702826342,233.53047204558058,234.50504727572545,0.40396630156513386,6
width1,124,3,128,0.8367987618633301,556.5429329716828,443.13150943654375,0.5419015975420098,6
width1,125,3,128,0.41257629532144396,47.31461931785028,48.763404315172565,0.2737529925918075,6
width1,126,3,128,0.024681758392608753,108.17900755211264,130.68687409889696,0.5803053761468616,5
width1,127,3,128,0.5858337077255892,229.6274246954722,229.32282023788474,0.8013974586667842,8
width1,128,3,128,0.8102835223088702,293.61780981181994,253.85594482119217,0.23585183731443873,4
width1,129,3,128,0.2569035934475294,107.77902428785015,125.90050274183743,0.057076646824705986,5
width1,130,3,128,0.4321048046713988,817.9990735573224,821.241392606056,0.927614341765528,4
width1,131,3,128,0.37155411323249915,411.5036996573921,426.3790335113312,0.38161223596744476,7
width1,132,3,128,0.1467416816640535,754.3321927796728,785.1792318048319,0.1943395736983373,8
width1,133,3,128,0.5339628326048357,158.73944103042038,158.53497446112974,0.7684806738317868,7
width1,134,3,128,0.8013226108440158,420.4382012230559,410.05244611968453,0.8259290401827292,4
width1,135,3,128,0.8313198946288709,32.548004336386924,27.3540049091123,0.48787847918497046,4
width1,136,3,128,0.2888061915203041,885.5623057351937,896.7880413767856,0.33439870133419747,7
width1,137,3,128,0.411825928253185,556.8038742114051,559.7961231712868,0.30804952314796213,4
width1,138,3,128,0.7505729612956433,164.16864455747475,159.2123672388237,0.26455800538143365,4
width1,139,3,128,0.24364545233860235,104.37508591245614,110.16182522747742,0.06545181161819444,4
width1,140,3,128,0.5601264077663763,52.360105324186236,51.26427753388931,0.5118526990051745,5
width1,141,3,128,0.4352131322501501,16.266741142391556,16.53938241394556,0.8833396162839238,5
width1,142,3,128,0.3398092262774565,118.37574166457944,119.48405313636049,0.7180668182585104,4
width1,143,3,128,0.5941410850767774,160.7020026772924,160.8879324458992,0.2731093081278012,4
width1,144,3,128,0.2999097789710728,18.55258152854149,18.784292399284343,0.4396014752309725,4
width1,145,3,128,0.11432378918115468,55.19333119539966,68.5075931933699,0.42293934398222555,6
width1,146,3,128,0.9375158733276598,595.6572719087868,523.4218757820031,0.11865443670853902,8
width1,147,3,128,0.590041151146392,122.80067729512851,122.1608528912795,0.3958731139316057,4
width1,148,3,128,0.4471622377283524,146.67630550435,150.7403988566966,0.15524189949438819,5
width1,149,3,128,0.5001603985214803,70.79053330617796,71.44177006725843,0.8811082531935265,6
width1,150,3,128,0.4154097822254726,342.0640813953128,345.6207652464524,0.44165597843496285,6
width1,151,3,128,0.47767208709533854,603.4291853229988,612.4639748423989,0.6183965111744882,6
width1,152,3,128,0.16584920594228283,380.39903637244055,389.06673684479006,0.3133845611449672,4
width1,153,3,128,0.5584833091721417,25.767845362554425,25.693154311267314,0.9037357808819949,7
width1,154,3,128,0.6091005861321341,149.13650500255636,148.25098435077382,0.9259069769854199,7
width1,155,3,128,0.8200883409243661,380.54294592840046,333.14592289673135,0.18126971816047557,6
width1,156,3,128,0.4625290118829448,20.518088209373513,20.554783051271837,0.06490598470022907,5
width1,157,3,128,0.6936778205762635,27.082939847660434,26.382578640070076,0.6538976404151714,4
width1,158,3,128,0.5683700956517117,147.24527672037965,144.2202547042493,0.8522969976498906,8
width1,159,3,128,0.4736968245912235,153.09329676694168,155.85764292923355,0.15983878376259467,6
width1,160,3,128,0.39244977000573517,81.79550711159048,82.81022328298498,0.3913493113908804,4
width1,161,3,128,0.6873856849736761,65.20596474536684,58.85309247584373,0.34935883157270076,8
width1,162,3,128,0.6473766769822411,129.44471350134813,128.3472200864924,0.09234100164137236,4
width1,163,3,128,0.8403030397588018,28.279934715067178,25.158648349045805,0.7334331822643121,8
width1,164,3,128,0.3581962371827761,65.80632197039608,66.35602901178369,0.829475615887459,4
width1,165,3,128,0.3259417413542774,15.067577662209827,15.234774506499683,0.5075472147630596,6
width1,166,3,128,0.7724883614851031,15.841957048675415,12.806894467867522,0.04953577634170034,6
width1,167,3,128,0.8406504953881974,302.7790403703165,290.5154503402101,0.24769944547940387,8
width1,168,3,128,0.7552698690697713,110.43716703370949,104.62047981695184,0.8939004458487863,8
width1,169,3,128,0.22360064131944749,308.86666774104157,327.4368794312768,0.3629710284133848,5
width1,170,3,128,0.28318238694477144,33.87838757607409,38.39511810630758,0.7607493846531949,4
width1,171,3,128,0.7413841287179262,14.652605714331381,14.231708770428435,0.46995700312577693,7
width1,172,3,128,0.2635516435327988,342.9958888172605,384.356828969326,0.7856589774953547,8
width1,173,3,128,0.3491252485754835,173.4227664303978,176.88132067028184,0.0670336007441519,4
width1,174,3,128,0.0544487108856399,457.5456094036551,580.1462837177684,0.4624703546781136,4
width1,175,3,128,0.35446881060934843,238.31108795228823,253.9215397811168,0.12338515663298787,6
width1,176,3,128,0.13407730085055908,600.3789776639982,614.8167007741556,0.6873983940102165,4
width1,177,3,128,0.36231643632429944,123.53143438156545,124.48924266102429,0.1767413859788334,6
width1,178,3,128,0.8556734596730553,16.264491031501052,15.640198394927724,0.2702319776149028,5
width1,179,3,128,0.25998677795087094,14.413305602822694,16.18160838563972,0.9274136839588913,6
width1,180,3,128,0.7749284207629541,95.82100347815243,81.7816322275469,0.5058123552570555,6
width1,181,3,128,0.8357609779643708,85.23571319332022,74.95423068963935,0.9388282666328137,7
width1,182,3,128,0.1472234735377522,30.82071928228034,33.87233479320381,0.045230737556813255,8
width1,183,3,128,0.5037964880742051,270.52934003801954,270.8973469203036,0.6365346740679145,7
width1,184,3,128,0.7759867886707607,301.996304687072,268.2583145749785,0.6942727695597719,6
width1,185,3,128,0.6540630654445053,95.59010165043821,94.35628563462858,0.7442259847577164,4
width1,186,3,128,0.029427699875329325,17.44841052868248,19.82809952359311,0.18682178651315826,5
width1,187,3,128,0.5741440132880882,29.415707230988243,28.97769568136976,0.28380534853780115,7
width1,188,3,128,0.4451172946515878,13.588062906688723,13.624092585070363,0.5779975426189269,6
width1,189,3,128,0.764559710311713,114.0742289128072,96.53802231418962,0.7779085263367747,5
width1,190,3,128,0.9652170520961348,126.68973236535348,94.79222887893168,0.053652744105017934,4
width1,191,3,128,0.4226298552895853,128.0358112920881,128.5837463648744,0.5631345226385632,6
width1,192,3,128,0.566506460647065,25.197476061139273,25.194122581022437,0.6332879720658668,4
width1,193,3,128,0.8583867723898245,11.751395713512942,8.909269351810162,0.6609563550551186,4
width1,194,3,128,0.2974847514506738,36.28774924124168,36.524654761846094,0.11465911182941546,7
width1,195,3,128,0.3678720460726893,209.72908016839148,221.98475560318613,0.15840275503406115,7
width1,196,3,128,0.5881472213379315,511.7646099629058,484.8992126649182,0.6629581595099201,6
width1,197,3,128,0.3375921309181464,373.7665445950453,377.04959440318487,0.3232193430863218,8
width1,198,3,128,0.8112863378115404,261.7454814558934,216.52787118709503,0.6792581958434797,5
width1,199,3,128,0.5835036390902288,644.6227424178377,628.7177224151319,0.9277141063222059,4
width2,0,5,128,0.5976601754576788,42.04001903728689,41.793262390448135,0.5138068538537492,8
width2,1,5,128,0.20669765143848653,405.56777942532847,422.38941220893366,0.30862406639884127,6
width2,2,5,128,0.027116081230561497,440.37759626306575,483.66489355608445,0.43989047546013815,4
width2,3,5,128,0.776014544684566,471.67492248322947,447.99769840481383,0.04668778024117817,8
width2,4,5,128,0.10738145962566437,470.0511193382699,580.6507606250658,0.3783797151838524,7
width2,5,5,128,0.07964717481176736,138.3322860291453,171.89284960702048,0.36756781704230107,4
width2,6,5,128,0.528064772183873,912.6703048109941,892.4327233167197,0.13056909989704993,7
width2,7,5,128,0.9391850529310681,553.9336020824989,455.75928309851287,0.3390111625556667,7
width2,8,5,128,0.7211310103353683,268.9297925388541,237.83852528065705,0.5446761721297534,6
width2,9,5,128,0.5437100728123467,18.91235962762073,18.08831573225534,0.7039012559488517,5
width2,10,5,128,0.7048314778406413,100.77876071841568,87.30201841357913,0.8187862683560618,7
width2,11,5,128,0.9175055664717117,175.98073759337345,148.1722624467459,0.06995768445072281,7
width2,12,5,128,0.6752117701257425,159.95550705188143,158.30136296140162,0.6953804695849576,7
width2,13,5,128,0.4701734025322841,37.75667093224563,37.83266391461211,0.9313546138897566,4
width2,14,5,128,0.18517768469521967,186.89814351027192,218.42033495485492,0.5994520525237279,6
width2,15,5,128,0.5706727396296624,386.4575109736077,372.1388270280117,0.9368501309338981,6
width2,16,5,128,0.3805248792775297,71.66807617990827,74.74047320268751,0.16269143022671462,4
width2,17,5,128,0.7331575385913074,11.165483643283768,9.7445045888868,0.7063782730018534,5
width2,18,5,128,0.31297651950001343,229.48578356224397,237.79637607775734,0.04783043572328079,6
width2,19,5,128,0.19835296394905663,120.44802069842022,140.2052719276101,0.4691201235181304,5
width2,20,5,128,0.8560644723521964,260.1018602747347,192.7556075196643,0.5998168622526096,5
width2,21,5,128,0.31431247929743383,56.429382234419315,65.29354892295112,0.8299475912568897,6
width2,22,5,128,0.3794948756773411,19.005581349738463,19.163012976732354,0.2520359720876651,4
width2,23,5,128,0.786414600597436,40.91832550690633,34.088192514993864,0.7861671464530526,6
width2,24,5,128,0.7800115533674324,11.467800779584469,11.078079241329055,0.2959901306616843,8
width2,25,5,128,0.93473446538136,353.8444346972757,340.60331865361076,0.4789219654072865,6
width2,26,5,128,0.6496787598129444,138.95980855567018,130.9239906220716,0.19366573931883363,6
width2,27,5,128,0.2690178369254985,271.8530275019222,276.2081334564702,0.9443742395754123,4
width2,28,5,128,0.35708642488586545,84.1831992102088,91.67549616883905,0.6897423395052663,8
width2,29,5,128,0.837557893361437,107.60866755095644,86.13410817841316,0.9105792351203675,4
width2,30,5,128,0.6447018434405775,38.43139151791417,38.018551720609814,0.7770124462629501,4
width2,31,5,128,0.7148064616204565,15.402680236988381,13.099982986426395,0.40310943992701787,4
width2,32,5,128,0.19145240408450284,668.1510335035726,730.3572690905851,0.15487995194445436,7
width2,33,5,128,0.6210746285600877,160.99679709012796,151.19572757345,0.8428631620714252,8
width2,34,5,128,0.5082920842224552,42.50327485059843,42.83916861092777,0.6571920917583647,8
width2,35,5,128,0.4074771651437751,273.9449489485184,298.0970766616377,0.5007170282853667,8
width2,36,5,128,0.34367027702109126,40.36659974896469,40.81408425290257,0.6042513645341341,8
width2,37,5,128,0.6867172325267707,249.82212535729957,226.1506898730051,0.7377227452113416,7
width2,38,5,128,0.18690027026688266,931.976237317928,1036.5878805123682,0.3101024934663832,6
width2,39,5,128,0.8548760140517618,115.41874673525996,112.85123180326181,0.5584280139568378,5
width2,40,5,128,0.24909343874900458,50.7942326522589,51.69092358649854,0.6541893136003376,7
width2,41,5,128,0.8729670395611364,87.69270784524758,68.41116500705216,0.34869586805143005,8
width2,42,5,128,0.5256677965848507,48.64843817895837,47.98335187534335,0.9307873022577259,6
width2,43,5,128,0.7996752903890072,906.5520662336886,876.9751257590282,0.26317289751154227,7
width2,44,5,128,0.5694651567616813,214.15130492828192,209.45061488013445,0.9090813692230463,4
width2,45,5,128,0.8801948586989032,15.041257300473328,13.685917745073052,0.5645932009714324,4
width2,46,5,128,0.2505988874897882,29.284182288072873,30.290332701251874,0.28497529238238467,5
width2,47,5,128,0.39744083757150844,15.556456130802713,15.729236504518255,0.07464010510059471,8
width2,48,5,128,0.5551304639526843,157.40837461956292,153.24710524081198,0.2496062378108125,7
width2,49,5,128,0.07044048483056617,12.467591457452123,20.73372147009903,0.30208139580464605,8
width2,50,5,128,0.2720687276926481,31.899798165643908,37.72626669621682,0.07334040266663405,8
width2,51,5,128,0.27261682782817065,363.8699418670946,370.5313107618644,0.23943558565900203,5
width2,52,5,128,0.4566381245383611,19.093665850528318,19.153039890855098,0.5259820550813477,4
width2,53,5,128,0.5464695450716441,771.3922728142618,762.6081802020711,0.14912006714745868,4
width2,54,5,128,0.9501604006138002,13.736918996711728,9.709565971648924,0.14294825907293113,7
width2,55,5,128,0.9560434015838396,54.11994510394365,37.941146642001925,0.47820301651042507,7
width2,56,5,128,0.7829869443266635,539.8730382545974,434.5989385889393,0.9471342080642488,4
width2,57,5,128,0.8613147020910047,122.86986370308324,96.19428829654196,0.0416936758166874,7
width2,58,5,128,0.6821539865345518,65.6785030779881,53.526093826227594,0.89641161383701,4
width2,59,5,128,0.3913769669328883,84.022408150437,83.98271962521267,0.1150759396918496,7
width2,60,5,128,0.3838311792728806,203.07284997673568,205.20220196410267,0.4974315041238076,7
width2,61,5,128,0.6553417721835503,10.342374212539081,9.621877912476041,0.11389753517056475,6
width2,62,5,128,0.4467270950032071,50.600524440170716,51.09313684084996,0.3185041513013147,8
width2,63,5,128,0.6515484379411375,271.4115146866796,236.44440177132898,0.8221092541596617,6
width2,64,5,128,0.9106891675773477,893.2594997497705,684.4071400232814,0.4864857215555903,6
width2,65,5,128,0.7428904833493563,393.62882722847576,387.1692152732511,0.34919841867485457,5
width2,66,5,128,0.901440210879394,32.71608868737658,28.467032766554784,0.16322596143881307,6
width2,67,5,128,0.6703460594761714,609.1329413755983,542.9583262140839,0.565962454119856,6
width2,68,5,128,0.6616667207762821,95.24330584341551,94.51148493460609,0.2648629010025901,5
width2,69,5,128,0.4064169203788349,18.513571521439097,19.18021916475763,0.17880181943224574,4
width2,70,5,128,0.6731472900628066,59.64473103546059,54.91434384541161,0.4622273001066938,8
width2,71,5,128,0.7630572995245974,81.29980482896072,79.8749155712334,0.4981025626201815,4
width2,72,5,128,0.4554515294064548,193.9135605833003,194.54428364513427,0.335893581982132,7
width2,73,5,128,0.19218405689336324,508.3445876371816,517.784813541385,0.49672765188650375,8
width2,74,5,128,0.32366010564559283,957.8360489656862,1054.1876708763723,0.8060445120790345,8
width2,75,5,128,0.279617434937023,315.0526652866886,324.0330762016195,0.06958850673933596,8
width2,76,5,128,0.31396866398079715,109.84179218480664,140.4343398680981,0.8030428770303094,5
width2,77,5,128,0.8273132252141101,205.51274441271605,172.8554690955638,0.6271003561634259,7
width2,78,5,128,0.7712993406791828,41.05776653582944,31.78172601409607,0.5313760955545864,4
width2,79,5,128,0.22096269563674245,627.1103975342703,639.3558225253769,0.5528990207567271,4
width2,80,5,128,0.5006779447008309,90.32112676697733,90.97482670915291,0.22004582045827342,4
width2,81,5,128,0.4247994513339944,262.39557119746894,263.56998929716923,0.8432249313435967,7
width2,82,5,128,0.7173702330785305,504.93194438963485,499.8178433633473,0.09790092621174366,6
width2,83,5,128,0.3865740454312434,16.998421828648617,17.12110719894001,0.9552227389194405,5
width2,84,5,128,0.17948679225744887,175.2698325883774,212.72465230283524,0.48547739345930857,7
width2,85,5,128,0.49859041759702977,23.2546730694886,23.25658115404103,0.6152902459086241,8
width2,86,5,128,0.32265097082107386,224.34737554679748,226.97479567259825,0.650369547171713,7
width2,87,5,128,0.040359213867596506,293.7094393293922,309.54083278104656,0.12382537172034304,8
width2,88,5,128,0.8926024846558863,19.092226700778582,15.128387906986813,0.6518188600889284,8
width2,89,5,128,0.5304336749880789,929.3753371483011,921.5692341906475,0.7393149793680376,7
width2,90,5,128,0.5888663013015706,413.47115585175635,402.36241718629265,0.06191635976115943,7
width2,91,5,128,0.39414141801941094,40.09251545275749,44.439387224454414,0.815763151748997,5
width2,92,5,128,0.5314227361347938,211.9601610660659,211.55246266408983,0.3640362406570493,8
width2,93,5,128,0.7411862419228398,77.42821003944042,76.04101846548969,0.19092689547621455,5
width2,94,5,128,0.6284242070790306,276.1131769828077,275.2869253584599,0.3429189920821271,5
width2,95,5,128,0.485735351891979,273.4697764623185,276.82804232292034,0.2006198792263907,8
width2,96,5,128,0.3250583828914441,75.61496094325194,77.41982193150874,0.06608739715896324,6
width2,97,5,128,0.7081683189343266,79.86919515309451,79.0045850236965,0.42473973812986493,5
width2,98,5,128,0.3828808037617057,38.01701524064536,42.871831918161064,0.04469493566204309,6
width2,99,5,128,0.5581056419532028,166.72376170013263,165.12158508258605,0.8529444711234107,6
width2,100,5,128,0.5972272257698411,10.477112046501249,10.412733341316786,0.8846552237023871,5
width2,101,5,128,0.37394067441913126,33.45968521446371,36.20086611800966,0.16319506653785656,4
width2,102,5,128,0.9382450452481019,44.11831305090349,42.261735388817144,0.046171649630841645,5
width2,103,5,128,0.4067823982457829,121.95296016829201,121.13361231010025,0.47936072921426615,6
width2,104,5,128,0.6985521662475107,41.46472765191945,36.349964549607925,0.8581670641803496,5
width2,105,5,128,0.45232047938264724,235.4231892023932,236.13583430229593,0.6103520761905684,5
width2,106,5,128,0.9638871333329777,12.308388118549384,8.770891175428721,0.19867650470513704,6
width2,107,5,128,0.7011284126762237,75.33817406543506,62.03230967642539,0.4842536965008225,7
width2,108,5,128,0.4749604106243638,41.06267421532226,40.700423249624755,0.9528361030497807,4
width2,109,5,128,0.31321803678265137,12.49603418832098,14.062638724840408,0.8844935391877127,6
width2,110,5,128,0.7917166898581185,10.42217671436261,8.714167269233826,0.7230182581088763,7
width2,111,5,128,0.7399424628900888,97.98106171768858,86.59177127199219,0.8908977348419453,8
width2,112,5,128,0.7657442468425366,10.975330632421766,10.746453348041001,0.44794838203129195,5
width2,113,5,128,0.6217631485004488,19.40580566393405,18.014346087798618,0.7076992806489807,6
width2,114,5,128,0.5634801471059393,951.7659427928158,954.2681837886644,0.9508711965002435,5
width2,115,5,128,0.37382903991256256,300.41148058571576,303.7089916395801,0.6226388485310282,6
width2,116,5,128,0.0566301624728643,33.97676139391326,51.88823970778686,0.11608794695639732,7
width2,117,5,128,0.16832744246610742,25.84298360609117,32.72064449505134,0.7336654158986505,6
width2,118,5,128,0.546820146412109,14.862127395165441,14.81715144801437,0.6066685864129385,5
width2,119,5,128,0.2732797205060887,532.5559840276251,557.9653715623172,0.6937825299901179,7
width2,120,5,128,0.6700511104833341,76.6243010210974,73.0794678353739,0.5074579019092522,8
width2,121,5,128,0.7967638839558335,541.0497012340967,472.8809816978359,0.06837844904383618,8
width2,122,5,128,0.8326256706140273,218.6423177701276,212.8957610291105,0.06782327688016196,8
width2,123,5,128,0.4135440084031654,233.53047204558058,234.70767155405946,0.40396630156513386,6
width2,124,5,128,0.8223522546827488,556.5429329716828,446.8992786536382,0.5419015975420098,6
width2,125,5,128,0.3791807440425605,47.31461931785028,49.37720408207861,0.2737529925918075,6
width2,126,5,128,0.04164189552435528,108.17900755211264,132.9394568324558,0.5803053761468616,5
width2,127,5,128,0.6028968406635673,229.6274246954722,230.30083279562604,0.8013974586667842,8
width2,128,5,128,0.7607786207704639,293.61780981181994,258.99562789552823,0.23585183731443873,4
width2,129,5,128,0.2639067118516159,107.77902428785015,127.62793301215213,0.057076646824705986,5
width2,130,5,128,0.5298943772270907,817.9990735573224,816.35380919342,0.927614341765528,4
width2,131,5,128,0.34707006848316313,411.5036996573921,429.1124835132057,0.38161223596744476,7
width2,132,5,128,0.1502861235389171,754.3321927796728,783.9348304913974,0.1943395736983373,8
width2,133,5,128,0.5031378968876866,158.73944103042038,158.83539623873642,0.7684806738317868,7
width2,134,5,128,0.7484446021638007,420.4382012230559,413.31109044383453,0.8259290401827292,4
width2,135,5,128,0.780811648467236,32.548004336386924,27.374077864926925,0.48787847918497046,4
width2,136,5,128,0.5192130214566446,885.5623057351937,884.488707014583,0.33439870133419747,7
width2,137,5,128,0.3991826774002877,556.8038742114051,560.6539705558041,0.30804952314796213,4
width2,138,5,128,0.7106263813768193,164.16864455747475,162.43585333720418,0.26455800538143365,4
width2,139,5,128,0.25519941217539277,104.37508591245614,108.70509525920372,0.06545181161819444,4
width2,140,5,128,0.4790564649036539,52.360105324186236,53.268357055406646,0.5118526990051745,5
width2,141,5,128,0.554233682012838,16.266741142391556,15.639112935580997,0.8833396162839238,5
width2,142,5,128,0.3318619449254774,118.37574166457944,119.72450532171192,0.7180668182585104,4
width2,143,5,128,0.6248810207872187,160.7020026772924,158.70985685120445,0.2731093081278012,4
width2,144,5,128,0.5022014101220745,18.55258152854149,18.40620625276568,0.4396014752309725,4
width2,145,5,128,0.10926301638758776,55.19333119539966,69.73198105227301,0.42293934398222555,6
width2,146,5,128,0.93501944447676,595.6572719087868,535.5650767244919,0.11865443670853902,8
width2,147,5,128,0.6732450594524878,122.80067729512851,121.37564748410853,0.3958731139316057,4
width2,148,5,128,0.43209697378521805,146.67630550435,150.92896208081646,0.15524189949438819,5
width2,149,5,128,0.5310528514980365,70.79053330617796,68.14183169310657,0.8811082531935265,6
width2,150,5,128,0.4596799893449203,342.0640813953128,343.01713600499846,0.44165597843496285,6
width2,151,5,128,0.4854840518655368,603.4291853229988,605.8962323669031,0.6183965111744882,6
width2,152,5,128,0.1842580686335734,380.39903637244055,389.66295369730136,0.3133845611449672,4
width2,153,5,128,0.6988819929440422,25.767845362554425,25.379445436972343,0.9037357808819949,7
width2,154,5,128,0.6380231606036777,149.13650500255636,146.0952306521427,0.9259069769854199,7
width2,155,5,128,0.8066781752167622,380.54294592840046,335.58780035874986,0.18126971816047557,6
width2,156,5,128,0.46741631086044044,20.518088209373513,20.772431342428963,0.06490598470022907,5
width2,157,5,128,0.6335023564490034,27.082939847660434,26.681508869041544,0.6538976404151714,4
width2,158,5,128,0.6341048793192252,147.24527672037965,135.82599509937145,0.8522969976498906,8
width2,159,5,128,0.46330196099908494,153.09329676694168,156.62412242062592,0.15983878376259467,6
width2,160,5,128,0.40701809631704583,81.79550711159048,82.65963417031183,0.3913493113908804,4
width2,161,5,128,0.6602253913156785,65.20596474536684,58.93170194044097,0.34935883157270076,8
width2,162,5,128,0.6501213452324969,129.44471350134813,126.9738532025557,0.09234100164137236,4
width2,163,5,128,0.7683411447072692,28.279934715067178,25.214368980581327,0.7334331822643121,8
width2,164,5,128,0.6883205176825277,65.80632197039608,64.96858300645418,0.829475615887459,4
width2,165,5,128,0.6115092703955172,15.067577662209827,14.909171731843767,0.5075472147630596,6
width2,166,5,128,0.7523764609499994,15.841957048675415,12.922002881829412,0.04953577634170034,6
width2,167,5,128,0.832161942854857,302.7790403703165,291.37065706538067,0.24769944547940387,8
width2,168,5,128,0.7714887755998787,110.43716703370949,97.92893667587235,0.8939004458487863,8
width2,169,5,128,0.2405596963374783,308.86666774104157,325.9491990984161,0.3629710284133848,5
width2,170,5,128,0.3459423076645614,33.87838757607409,37.54434110516565,0.7607493846531949,4
width2,171,5,128,0.6769741063451913,14.652605714331381,14.40945912812185,0.46995700312577693,7
width2,172,5,128,0.3626423257599977,342.9958888172605,378.7959847097022,0.7856589774953547,8
width2,173,5,128,0.34975872901702637,173.4227664303978,178.85676694082636,0.0670336007441519,4
width2,174,5,128,0.0703312125111828,457.5456094036551,565.1222568675369,0.4624703546781136,4
width2,175,5,128,0.34701147352652284,238.31108795228823,255.27522919978324,0.12338515663298787,6
width2,176,5,128,0.4471654499481794,600.3789776639982,601.1933045004845,0.6873983940102165,4
width2,177,5,128,0.44235246094482095,123.53143438156545,123.70395064287749,0.1767413859788334,6
width2,178,5,128,0.8255146432672399,16.264491031501052,15.952948048507308,0.2702319776149028,5
width2,179,5,128,0.3357744776941668,14.413305602822694,16.001504009317426,0.9274136839588913,6
width2,180,5,128,0.7474151799831786,95.82100347815243,83.6433267946214,0.5058123552570555,6
width2,181,5,128,0.8185402118293242,85.23571319332022,72.9967211586777,0.9388282666328137,7
width2,182,5,128,0.12682602525877254,30.82071928228034,34.75431465868532,0.045230737556813255,8
width2,183,5,128,0.45948306306574843,270.52934003801954,275.9374880920051,0.6365346740679145,7
width2,184,5,128,0.7232704397517199,301.996304687072,266.766757933773,0.6942727695597719,6
width2,185,5,128,0.5716751267847202,95.59010165043821,93.67504317725331,0.7442259847577164,4
width2,186,5,128,0.02850682041189018,17.44841052868248,20.27946747740303,0.18682178651315826,5
width2,187,5,128,0.5678642910666888,29.415707230988243,28.919952939889313,0.28380534853780115,7
width2,188,5,128,0.5146554988296008,13.588062906688723,13.553912904872176,0.5779975426189269,6
width2,189,5,128,0.8150724650384376,114.0742289128072,85.08223411074266,0.7779085263367747,5
width2,190,5,128,0.9664794034511308,126.68973236535348,97.7666524488302,0.053652744105017934,4
width2,191,5,128,0.4682531646707148,128.0358112920881,128.28116041016503,0.5631345226385632,6
width2,192,5,128,0.6971891630161324,25.197476061139273,24.8649595251105,0.6332879720658668,4
width2,193,5,128,0.8258445519084979,11.751395713512942,8.356422516979164,0.6609563550551186,4
width2,194,5,128,0.2878059331538564,36.28774924124168,37.22688602834137,0.11465911182941546,7
width2,195,5,128,0.36069742412554223,209.72908016839148,220.96894375054535,0.15840275503406115,7
width2,196,5,128,0.5179398561432631,511.7646099629058,502.74402744334463,0.6629581595099201,6
width2,197,5,128,0.23071441143037055,373.7665445950453,382.99245681832616,0.3232193430863218,8
width2,198,5,128,0.778656317121491,261.7454814558934,206.17141540811596,0.6792581958434797,5
width2,199,5,128,0.5603575144242189,644.6227424178377,622.0900793200115,0.9277141063222059,4
width2_res256,0,5,256,0.43006253279140383,42.04001903728689,42.26240962104406,0.5138068538537492,8
width2_res256,1,5,256,0.18626907546367774,405.56777942532847,419.97277901222293,0.30862406639884127,6
width2_res256,2,5,256,0.021520932217046228,440.37759626306575,489.38297930784904,0.43989047546013815,4
width2_res256,3,5,256,0.7892504753261886,471.67492248322947,448.8660504316947,0.04668778024117817,8
width2_res256,4,5,256,0.10609551713135597,470.0511193382699,586.077570705568,0.3783797151838524,7
width2_res256,5,5,256,0.07872990032395888,138.3322860291453,173.7184483487212,0.36756781704230107,4
width2_res256,6,5,256,0.5280291262779409,912.6703048109941,897.8453807891834,0.13056909989704993,7
width2_res256,7,5,256,0.9404110342279294,553.9336020824989,453.80259623811025,0.3390111625556667,7
width2_res256,8,5,256,0.7207874491394707,268.9297925388541,237.15717185342817,0.5446761721297534,6
width2_res256,9,5,256,0.5428258651761966,18.91235962762073,18.332771377822187,0.7039012559488517,5
width2_res256,10,5,256,0.7094164134857331,100.77876071841568,87.21070016403222,0.8187862683560618,7
width2_res256,11,5,256,0.9187340535170919,175.98073759337345,146.61260026136614,0.06995768445072281,7
width2_res256,12,5,256,0.4771697120018574,159.95550705188143,160.3019449395733,0.6953804695849576,7
width2_res256,13,5,256,0.5316704482062421,37.75667093224563,37.767770745010395,0.9313546138897566,4
width2_res256,14,5,256,0.18781826541923877,186.89814351027192,217.63845934751382,0.5994520525237279,6
width2_res256,15,5,256,0.5717713939019441,386.4575109736077,377.4251701760691,0.9368501309338981,6
width2_res256,16,5,256,0.37955291287493587,71.66807617990827,74.09188358228899,0.16269143022671462,4
width2_res256,17,5,256,0.7345031082188445,11.165483643283768,9.572831675774061,0.7063782730018534,5
width2_res256,18,5,256,0.2896454437312614,229.48578356224397,234.71810189966854,0.04783043572328079,6
width2_res256,19,5,256,0.19771588445718033,120.44802069842022,139.54460490962424,0.4691201235181304,5
width2_res256,20,5,256,0.8582559807961367,260.1018602747347,192.372645986747,0.5998168622526096,5
width2_res256,21,5,256,0.31669516172806494,56.429382234419315,65.14542247618972,0.8299475912568897,6
width2_res256,22,5,256,0.3533684765290514,19.005581349738463,19.353751740224883,0.2520359720876651,4
width2_res256,23,5,256,0.8015303723075365,40.91832550690633,33.53449178915072,0.7861671464530526,6
width2_res256,24,5,256,0.7928106863729754,11.467800779584469,11.018929768291425,0.2959901306616843,8
width2_res256,25,5,256,0.9576280385326262,353.8444346972757,339.3435001911683,0.4789219654072865,6
width2_res256,26,5,256,0.6484322184774095,138.95980855567018,129.98833547543393,0.19366573931883363,6
width2_res256,27,5,256,0.529843369603811,271.8530275019222,271.1485179546963,0.9443742395754123,4
width2_res256,28,5,256,0.3538492588697948,84.1831992102088,92.77854020729437,0.6897423395052663,8
width2_res256,29,5,256,0.8534575775468077,107.60866755095644,87.50993412042692,0.9105792351203675,4
width2_res256,30,5,256,0.41517352215399034,38.43139151791417,38.56975643636774,0.7770124462629501,4
width2_res256,31,5,256,0.7140586698621292,15.402680236988381,13.043019028377703,0.40310943992701787,4
width2_res256,32,5,256,0.19098948913094313,668.1510335035726,734.9578363418703,0.15487995194445436,7
width2_res256,33,5,256,0.6116755246849064,160.99679709012796,151.02360304684515,0.8428631620714252,8
width2_res256,34,5,256,0.5055666380292122,42.50327485059843,42.12302893831536,0.6571920917583647,8
width2_res256,35,5,256,0.4030112442496407,273.9449489485184,296.9786532924565,0.5007170282853667,8
width2_res256,36,5,256,0.41350576823135177,40.36659974896469,40.7026603503341,0.6042513645341341,8
width2_res256,37,5,256,0.6877977658933359,249.82212535729957,225.78282314334024,0.7377227452113416,7
width2_res256,38,5,256,0.18447365619372552,931.976237317928,1046.1730302728886,0.3101024934663832,6
width2_res256,39,5,256,0.9724760767132509,115.41874673525996,112.47313635280896,0.5584280139568378,5
width2_res256,40,5,256,0.2783172340060557,50.7942326522589,50.80302846943909,0.6541893136003376,7
width2_res256,41,5,256,0.872857500837033,87.69270784524758,68.14673194106021,0.34869586805143005,8
width2_res256,42,5,256,0.5297086054708168,48.64843817895837,47.926028354347544,0.9307873022577259,6
width2_res256,43,5,256,0.8402509556270026,906.5520662336886,884.7597803806283,0.26317289751154227,7
width2_res256,44,5,256,0.5830276337839444,214.15130492828192,209.09135087733316,0.9090813692230463,4
width2_res256,45,5,256,0.8875754936292678,15.041257300473328,13.871511670791511,0.5645932009714324,4
width2_res256,46,5,256,0.2141047085810047,29.284182288072873,29.631206398943934,0.28497529238238467,5
width2_res256,47,5,256,0.39135099317143834,15.556456130802713,15.784876475738333,0.07464010510059471,8
width2_res256,48,5,256,0.555111732158832,157.40837461956292,154.5714830835731,0.2496062378108125,7
width2_res256,49,5,256,0.07023172540151734,12.467591457452123,20.580776773656183,0.30208139580464605,8
width2_res256,50,5,256,0.272716348194789,31.899798165643908,37.29047988947511,0.07334040266663405,8
width2_res256,51,5,256,0.2689253529123779,363.8699418670946,368.00687753392776,0.23943558565900203,5
width2_res256,52,5,256,0.6026637679527718,19.093665850528318,19.077311204702045,0.5259820550813477,4
width2_res256,53,5,256,0.5455976174614976,771.3922728142618,755.8905229139259,0.14912006714745868,4
width2_res256,54,5,256,0.9506117771363225,13.736918996711728,9.784370756840522,0.14294825907293113,7
width2_res256,55,5,256,0.9557129481379442,54.11994510394365,37.853010598158285,0.47820301651042507,7
width2_res256,56,5,256,0.7866349111663986,539.8730382545974,434.2547239685925,0.9471342080642488,4
width2_res256,57,5,256,0.8569908898375848,122.86986370308324,97.86411528060827,0.0416936758166874,7
width2_res256,58,5,256,0.6906014889806398,65.6785030779881,54.37388882006461,0.89641161383701,4
width2_res256,59,5,256,0.28355692345789785,84.022408150437,84.44296892088923,0.1150759396918496,7
width2_res256,60,5,256,0.45078362148012435,203.07284997673568,204.46382320338057,0.4974315041238076,7
width2_res256,61,5,256,0.6561397162800418,10.342374212539081,9.53372123274929,0.11389753517056475,6
width2_res256,62,5,256,0.43503754408510253,50.600524440170716,50.826123066429226,0.3185041513013147,8
width2_res256,63,5,256,0.6500597508894304,271.4115146866796,236.16193243353663,0.8221092541596617,6
width2_res256,64,5,256,0.9116032820596913,893.2594997497705,682.5280511874308,0.4864857215555903,6
width2_res256,65,5,256,0.7989627935827031,393.62882722847576,391.2814311233511,0.34919841867485457,5
width2_res256,66,5,256,0.902971399932516,32.71608868737658,28.253457822681483,0.16322596143881307,6
width2_res256,67,5,256,0.6704195855072898,609.1329413755983,549.7504249828829,0.565962454119856,6
width2_res256,68,5,256,0.7230518183861416,95.24330584341551,93.91425867814759,0.2648629010025901,5
width2_res256,69,5,256,0.405550458858522,18.513571521439097,19.343010591222235,0.17880181943224574,4
width2_res256,70,5,256,0.6705618466705179,59.64473103546059,53.94101752317884,0.4622273001066938,8
width2_res256,71,5,256,0.8133917206576967,81.29980482896072,78.22559132707273,0.4981025626201815,4
width2_res256,72,5,256,0.45170939855297837,193.9135605833003,193.55144513010202,0.335893581982132,7
width2_res256,73,5,256,0.30904727825188,508.3445876371816,508.54943391359257,0.49672765188650375,8
width2_res256,74,5,256,0.32188146475019147,957.8360489656862,1052.1482963239007,0.8060445120790345,8
width2_res256,75,5,256,0.27588337710882105,315.0526652866886,325.06819617833713,0.06958850673933596,8
width2_res256,76,5,256,0.31613406195984206,109.84179218480664,142.24381858521355,0.8030428770303094,5
width2_res256,77,5,256,0.8270238248003188,205.51274441271605,175.08069630018542,0.6271003561634259,7
width2_res256,78,5,256,0.7728039519412042,41.05776653582944,31.162485301099682,0.5313760955545864,4
width2_res256,79,5,256,0.1853737500625914,627.1103975342703,647.6838740890714,0.5528990207567271,4
width2_res256,80,5,256,0.4988983123538409,90.32112676697733,90.30453190538559,0.22004582045827342,4
width2_res256,81,5,256,0.41701651691822916,262.39557119746894,263.17185543747996,0.8432249313435967,7
width2_res256,82,5,256,0.8499694133466156,504.93194438963485,494.82423715023276,0.09790092621174366,6
width2_res256,83,5,256,0.31548851366444464,16.998421828648617,17.09771410867876,0.9552227389194405,5
width2_res256,84,5,256,0.1769163169945823,175.2698325883774,214.9376200980773,0.48547739345930857,7
width2_res256,85,5,256,0.5899685562430473,23.2546730694886,23.195731866454565,0.6152902459086241,8
width2_res256,86,5,256,0.26209406852675293,224.34737554679748,226.39488254656476,0.650369547171713,7
width2_res256,87,5,256,0.016300332018506693,293.7094393293922,306.73293540844605,0.12382537172034304,8
width2_res256,88,5,256,0.8931052294332392,19.092226700778582,15.106002496836284,0.6518188600889284,8
width2_res256,89,5,256,0.5295166725656506,929.3753371483011,919.7492579480624,0.7393149793680376,7
width2_res256,90,5,256,0.5891004037131042,413.47115585175635,397.7107052616097,0.06191635976115943,7
width2_res256,91,5,256,0.3901007715052878,40.09251545275749,45.03996603197586,0.815763151748997,5
width2_res256,92,5,256,0.40834532433749343,211.9601610660659,213.63501541398875,0.3640362406570493,8
width2_res256,93,5,256,0.7618891276349333,77.42821003944042,76.66739343381089,0.19092689547621455,5
width2_res256,94,5,256,0.6636231697607619,276.1131769828077,273.8195072091344,0.3429189920821271,5
width2_res256,95,5,256,0.5210934145898605,273.4697764623185,274.87990444506914,0.2006198792263907,8
width2_res256,96,5,256,0.28326675892694225,75.61496094325194,76.51817034208663,0.06608739715896324,6
width2_res256,97,5,256,0.7958194093715798,79.86919515309451,78.65185419169494,0.42473973812986493,5
width2_res256,98,5,256,0.37952718025502585,38.01701524064536,42.938505640293194,0.04469493566204309,6
width2_res256,99,5,256,0.5636154117272616,166.72376170013263,164.8651888592512,0.8529444711234107,6
width2_res256,100,5,256,0.6869331167572992,10.477112046501249,10.395921425915956,0.8846552237023871,5
width2_res256,101,5,256,0.3731651890631901,33.45968521446371,35.881980196735654,0.16319506653785656,4
width2_res256,102,5,256,0.9560415889173373,44.11831305090349,41.713754247580994,0.046171649630841645,5
width2_res256,103,5,256,0.3342946275429616,121.95296016829201,122.51704601651312,0.47936072921426615,6
width2_res256,104,5,256,0.7004644653357015,41.46472765191945,35.73621383870385,0.8581670641803496,5
width2_res256,105,5,256,0.4638204012630491,235.4231892023932,235.4032000110858,0.6103520761905684,5
width2_res256,106,5,256,0.9642677873434201,12.308388118549384,8.851994096879203,0.19867650470513704,6
width2_res256,107,5,256,0.696229038734523,75.33817406543506,62.77245032102204,0.4842536965008225,7
width2_res256,108,5,256,0.47765348830770427,41.06267421532226,41.32323973956655,0.9528361030497807,4
width2_res256,109,5,256,0.31590797339220783,12.49603418832098,14.03576837157848,0.8844935391877127,6
width2_res256,110,5,256,0.7936800745609587,10.42217671436261,8.702015984837594,0.7230182581088763,7
width2_res256,111,5,256,0.7311027585326592,97.98106171768858,86.53261101706177,0.8908977348419453,8
width2_res256,112,5,256,0.7656379389323131,10.975330632421766,10.871398839241463,0.44794838203129195,5
width2_res256,113,5,256,0.632991237103514,19.40580566393405,17.706913178545875,0.7076992806489807,6
width2_res256,114,5,256,0.5471262794724538,951.7659427928158,952.9643381029013,0.9508711965002435,5
width2_res256,115,5,256,0.34099991943896907,300.41148058571576,302.838934267295,0.6226388485310282,6
width2_res256,116,5,256,0.05580431201013389,33.97676139391326,52.087735819208795,0.11608794695639732,7
width2_res256,117,5,256,0.16494776891398796,25.84298360609117,32.619107967081455,0.7336654158986505,6
width2_res256,118,5,256,0.3440571929930666,14.862127395165441,15.00620323252388,0.6066685864129385,5
width2_res256,119,5,256,0.267243661191938,532.5559840276251,564.8854409394011,0.6937825299901179,7
width2_res256,120,5,256,0.6573088730349024,76.6243010210974,73.90823428084462,0.5074579019092522,8
width2_res256,121,5,256,0.7983104106094996,541.0497012340967,474.66185427877264,0.06837844904383618,8
width2_res256,122,5,256,0.8606267210102869,218.6423177701276,213.60018329519215,0.06782327688016196,8
width2_res256,123,5,256,0.358035363047902,233.53047204558058,233.64395306899465,0.40396630156513386,6
width2_res256,124,5,256,0.8239953289803981,556.5429329716828,445.77884592990824,0.5419015975420098,6
width2_res256,125,5,256,0.37747802586920015,47.31461931785028,49.07123144484715,0.2737529925918075,6
width2_res256,126,5,256,0.041111679236288036,108.17900755211264,134.50181743531778,0.5803053761468616,5
width2_res256,127,5,256,0.5907311000366269,229.6274246954722,226.6315408084655,0.8013974586667842,8
width2_res256,128,5,256,0.7606544642047296,293.61780981181994,261.6426313700257,0.23585183731443873,4
width2_res256,129,5,256,0.26100635420634266,107.77902428785015,127.97741297124293,0.057076646824705986,5
width2_res256,130,5,256,0.6118887689168377,817.9990735573224,814.9535433724734,0.927614341765528,4
width2_res256,131,5,256,0.34379923604196183,411.5036996573921,433.4253000546957,0.38161223596744476,7
width2_res256,132,5,256,0.07913964369237661,754.3321927796728,778.2406865139667,0.1943395736983373,8
width2_res256,133,5,256,0.6624148903340231,158.73944103042038,158.54015205847787,0.7684806738317868,7
width2_res256,134,5,256,0.8455651341188211,420.4382012230559,412.438722388622,0.8259290401827292,4
width2_res256,135,5,256,0.7807750034854254,32.548004336386924,27.737969171255596,0.48787847918497046,4
width2_res256,136,5,256,0.33569876731977444,885.5623057351937,893.0667040735923,0.33439870133419747,7
width2_res256,137,5,256,0.46254447579076446,556.8038742114051,557.2585329150726,0.30804952314796213,4
width2_res256,138,5,256,0.7842612097453937,164.16864455747475,161.3668468480905,0.26455800538143365,4
width2_res256,139,5,256,0.2501023059683914,104.37508591245614,109.1942717814363,0.06545181161819444,4
width2_res256,140,5,256,0.46810901383077597,52.360105324186236,53.0634983227877,0.5118526990051745,5
width2_res256,141,5,256,0.5522069653185769,16.266741142391556,15.864265819218128,0.8833396162839238,5
width2_res256,142,5,256,0.2656109162575622,118.37574166457944,119.39294562191026,0.7180668182585104,4
width2_res256,143,5,256,0.6465196063661305,160.7020026772924,160.35308770480378,0.2731093081278012,4
width2_res256,144,5,256,0.34201829091615216,18.55258152854149,18.631191686875585,0.4396014752309725,4
width2_res256,145,5,256,0.10520089833394007,55.19333119539966,70.42727450107154,0.42293934398222555,6
width2_res256,146,5,256,0.9368096500097891,595.6572719087868,530.9487352053193,0.11865443670853902,8
width2_res256,147,5,256,0.6975884270486467,122.80067729512851,122.81060042308921,0.3958731139316057,4
width2_res256,148,5,256,0.42644388760263463,146.67630550435,152.020972819745,0.15524189949438819,5
width2_res256,149,5,256,0.5342469430739916,70.79053330617796,69.09328639466538,0.8811082531935265,6
width2_res256,150,5,256,0.42546630211138475,342.0640813953128,341.585022301864,0.44165597843496285,6
width2_res256,151,5,256,0.47128320984516453,603.4291853229988,604.1604770935254,0.6183965111744882,6
width2_res256,152,5,256,0.10327315546285433,380.39903637244055,387.3030733973883,0.3133845611449672,4
width2_res256,153,5,256,0.560823158340979,25.767845362554425,25.727096597708794,0.9037357808819949,7
width2_res256,154,5,256,0.7328781068174748,149.13650500255636,148.1136855412454,0.9259069769854199,7
width2_res256,155,5,256,0.80680069471361,380.54294592840046,333.1895045913922,0.18126971816047557,6
width2_res256,156,5,256,0.4566963970805604,20.518088209373513,20.526037436150368,0.06490598470022907,5
width2_res256,157,5,256,0.6734362709000372,27.082939847660434,26.600591772764567,0.6538976404151714,4
width2_res256,158,5,256,0.6306893538712854,147.24527672037965,137.66396086043449,0.8522969976498906,8
width2_res256,159,5,256,0.46117146191396885,153.09329676694168,155.33759290650204,0.15983878376259467,6
width2_res256,160,5,256,0.39186970968607526,81.79550711159048,82.23501298942682,0.3913493113908804,4
width2_res256,161,5,256,0.6610352138582808,65.20596474536684,59.525393235036056,0.34935883157270076,8
width2_res256,162,5,256,0.6924711217330785,129.44471350134813,127.74751888031116,0.09234100164137236,4
width2_res256,163,5,256,0.7719500060595601,28.279934715067178,25.17705938786151,0.7334331822643121,8
width2_res256,164,5,256,0.4533495079964999,65.80632197039608,65.92792779721789,0.829475615887459,4
width2_res256,165,5,256,0.4530426750880422,15.067577662209827,15.083050815975083,0.5075472147630596,6
width2_res256,166,5,256,0.7494827766034631,15.841957048675415,12.963775957142028,0.04953577634170034,6
width2_res256,167,5,256,0.8563737722789663,302.7790403703165,289.6169301361517,0.24769944547940387,8
width2_res256,168,5,256,0.7774611927000783,110.43716703370949,97.8620307704531,0.8939004458487863,8
width2_res256,169,5,256,0.22980644883377047,308.86666774104157,324.21172547923743,0.3629710284133848,5
width2_res256,170,5,256,0.34707027086895104,33.87838757607409,37.43542354675669,0.7607493846531949,4
width2_res256,171,5,256,0.6947448562490918,14.652605714331381,14.355940138255614,0.46995700312577693,7
width2_res256,172,5,256,0.36595138013937595,342.9958888172605,378.0201248433616,0.7856589774953547,8
width2_res256,173,5,256,0.34702406017720167,173.4227664303978,179.68535544794338,0.0670336007441519,4
width2_res256,174,5,256,0.07016561927557624,457.5456094036551,571.6523638088983,0.4624703546781136,4
width2_res256,175,5,256,0.3457360378368532,238.31108795228823,256.7441496251334,0.12338515663298787,6
width2_res256,176,5,256,0.09234297037338829,600.3789776639982,609.5875046182797,0.6873983940102165,4
width2_res256,177,5,256,0.28475662817955866,123.53143438156545,124.62416162976203,0.1767413859788334,6
width2_res256,178,5,256,0.9303386538465124,16.264491031501052,15.854110481170446,0.2702319776149028,5
width2_res256,179,5,256,0.34018072216504175,14.413305602822694,15.974747631935346,0.9274136839588913,6
width2_res256,180,5,256,0.7457475817027883,95.82100347815243,83.38377038546018,0.5058123552570555,6
width2_res256,181,5,256,0.8455954808535844,85.23571319332022,72.96277580283926,0.9388282666328137,7
width2_res256,182,5,256,0.12376678334270004,30.82071928228034,34.29421234353376,0.045230737556813255,8
width2_res256,183,5,256,0.45090753321439836,270.52934003801954,279.2947929463193,0.6365346740679145,7
width2_res256,184,5,256,0.7294893649564558,301.996304687072,266.25703019600786,0.6942727695597719,6
width2_res256,185,5,256,0.6072500075396321,95.59010165043821,95.02062394397069,0.7442259847577164,4
width2_res256,186,5,256,0.024219570522989883,17.44841052868248,20.11128367935616,0.18682178651315826,5
width2_res256,187,5,256,0.5850733330913982,29.415707230988243,29.18345331802781,0.28380534853780115,7
width2_res256,188,5,256,0.327371885546041,13.588062906688723,13.71854412242097,0.5779975426189269,6
width2_res256,189,5,256,0.8179805839340355,114.0742289128072,84.99767256885596,0.7779085263367747,5
width2_res256,190,5,256,0.9670030192906058,126.68973236535348,96.61156083179321,0.053652744105017934,4
width2_res256,191,5,256,0.0889999327747889,128.0358112920881,129.82379475598844,0.5631345226385632,6
width2_res256,192,5,256,0.8736198801016385,25.197476061139273,24.786278065980405,0.6332879720658668,4
width2_res256,193,5,256,0.8318813893240599,11.751395713512942,8.342089010227383,0.6609563550551186,4
width2_res256,194,5,256,0.2530187071600561,36.28774924124168,36.87789356184216,0.11465911182941546,7
width2_res256,195,5,256,0.3567850919868677,209.72908016839148,222.4125610892919,0.15840275503406115,7
width2_res256,196,5,256,0.5225301141433845,511.7646099629058,501.4835849076035,0.6629581595099201,6
width2_res256,197,5,256,0.19638967408316094,373.7665445950453,375.519115338449,0.3232193430863218,8
width2_res256,198,5,256,0.7764984797206492,261.7454814558934,209.08763581281883,0.6792581958434797,5
width2_res256,199,5,256,0.5687859820304934,644.6227424178377,631.6095862119521,0.9277141063222059,4
